PassengerId,Survived,Pclass,Age,SibSp,Parch,Fare,Embarked,Survived2,Sex,Deck,Seat,MV_Age,Title,Family_Size
1,0.0,3,22.0,1,0,7.0,S,Died,male,,,0,1,2
2,1.0,1,38.0,1,0,71.0,C,Survived,female,C,85,0,4,2
3,1.0,3,26.0,0,0,8.0,S,Survived,female,,,0,3,1
4,1.0,1,35.0,1,0,53.0,S,Survived,female,C,123,0,4,2
5,0.0,3,35.0,0,0,8.0,S,Died,male,,,0,1,1
6,0.0,3,,0,0,8.0,Q,Died,male,,,1,1,1
7,0.0,1,54.0,0,0,52.0,S,Died,male,E,46,0,1,1
8,0.0,3,2.0,3,1,21.0,S,Died,male,,,0,2,5
9,1.0,3,27.0,0,2,11.0,S,Survived,female,,,0,4,3
10,1.0,2,14.0,1,0,30.0,C,Survived,female,,,0,4,2
11,1.0,3,4.0,1,1,17.0,S,Survived,female,G,6,0,3,3
12,1.0,1,58.0,0,0,27.0,S,Survived,female,C,103,0,3,1
13,0.0,3,20.0,0,0,8.0,S,Died,male,,,0,1,1
14,0.0,3,39.0,1,5,31.0,S,Died,male,,,0,1,7
15,0.0,3,14.0,0,0,8.0,S,Died,female,,,0,3,1
16,1.0,2,55.0,0,0,16.0,S,Survived,female,,,0,4,1
17,0.0,3,2.0,4,1,29.0,Q,Died,male,,,0,2,6
18,1.0,2,,0,0,13.0,S,Survived,male,,,1,1,1
19,0.0,3,31.0,1,0,18.0,S,Died,female,,,0,4,2
20,1.0,3,,0,0,7.0,C,Survived,female,,,1,4,1
21,0.0,2,35.0,0,0,26.0,S,Died,male,,,0,1,1
22,1.0,2,34.0,0,0,13.0,S,Survived,male,D,56,0,1,1
23,1.0,3,15.0,0,0,8.0,Q,Survived,female,,,0,3,1
24,1.0,1,28.0,0,0,36.0,S,Survived,male,A,6,0,1,1
25,0.0,3,8.0,3,1,21.0,S,Died,female,,,0,3,5
26,1.0,3,38.0,1,5,31.0,S,Survived,female,,,0,4,7
27,0.0,3,,0,0,7.0,C,Died,male,,,1,1,1
28,0.0,1,19.0,3,2,263.0,S,Died,male,C,23,0,1,6
29,1.0,3,,0,0,8.0,Q,Survived,female,,,1,3,1
30,0.0,3,,0,0,8.0,S,Died,male,,,1,1,1
31,0.0,1,40.0,0,0,28.0,C,Died,male,,,0,5,1
32,1.0,1,,1,0,147.0,C,Survived,female,B,78,1,4,2
33,1.0,3,,0,0,8.0,Q,Survived,female,,,1,3,1
34,0.0,2,66.0,0,0,10.0,S,Died,male,,,0,1,1
35,0.0,1,28.0,1,0,82.0,C,Died,male,,,0,1,2
36,0.0,1,42.0,1,0,52.0,S,Died,male,,,0,1,2
37,1.0,3,,0,0,7.0,C,Survived,male,,,1,1,1
38,0.0,3,21.0,0,0,8.0,S,Died,male,,,0,1,1
39,0.0,3,18.0,2,0,18.0,S,Died,female,,,0,3,3
40,1.0,3,14.0,1,0,11.0,C,Survived,female,,,0,3,2
41,0.0,3,40.0,1,0,9.0,S,Died,female,,,0,4,2
42,0.0,2,27.0,1,0,21.0,S,Died,female,,,0,4,2
43,0.0,3,,0,0,8.0,C,Died,male,,,1,1,1
44,1.0,2,3.0,1,2,42.0,C,Survived,female,,,0,3,4
45,1.0,3,19.0,0,0,8.0,Q,Survived,female,,,0,3,1
46,0.0,3,,0,0,8.0,S,Died,male,,,1,1,1
47,0.0,3,,1,0,16.0,Q,Died,male,,,1,1,2
48,1.0,3,,0,0,8.0,Q,Survived,female,,,1,3,1
49,0.0,3,,2,0,22.0,C,Died,male,,,1,1,3
50,0.0,3,18.0,1,0,18.0,S,Died,female,,,0,4,2
51,0.0,3,7.0,4,1,40.0,S,Died,male,,,0,2,6
52,0.0,3,21.0,0,0,8.0,S,Died,male,,,0,1,1
53,1.0,1,49.0,1,0,77.0,C,Survived,female,D,33,0,4,2
54,1.0,2,29.0,1,0,26.0,S,Survived,female,,,0,4,2
55,0.0,1,65.0,0,1,62.0,C,Died,male,B,30,0,1,2
56,1.0,1,,0,0,36.0,S,Survived,male,C,52,1,1,1
57,1.0,2,21.0,0,0,10.0,S,Survived,female,,,0,3,1
58,0.0,3,28.0,0,0,7.0,C,Died,male,,,0,1,1
59,1.0,2,5.0,1,2,28.0,S,Survived,female,,,0,3,4
60,0.0,3,11.0,5,2,47.0,S,Died,male,,,0,2,8
61,0.0,3,22.0,0,0,7.0,C,Died,male,,,0,1,1
62,1.0,1,38.0,0,0,80.0,,Survived,female,B,28,0,3,1
63,0.0,1,45.0,1,0,83.0,S,Died,male,C,83,0,1,2
64,0.0,3,4.0,3,2,28.0,S,Died,male,,,0,2,6
65,0.0,1,,0,0,28.0,C,Died,male,,,1,1,1
66,1.0,3,,1,1,15.0,C,Survived,male,,,1,2,3
67,1.0,2,29.0,0,0,10.0,S,Survived,female,F,33,0,4,1
68,0.0,3,19.0,0,0,8.0,S,Died,male,,,0,1,1
69,1.0,3,17.0,4,2,8.0,S,Survived,female,,,0,3,7
70,0.0,3,26.0,2,0,9.0,S,Died,male,,,0,1,3
71,0.0,2,32.0,0,0,10.0,S,Died,male,,,0,1,1
72,0.0,3,16.0,5,2,47.0,S,Died,female,,,0,3,8
73,0.0,2,21.0,0,0,74.0,S,Died,male,,,0,1,1
74,0.0,3,26.0,1,0,14.0,C,Died,male,,,0,1,2
75,1.0,3,32.0,0,0,56.0,S,Survived,male,,,0,1,1
76,0.0,3,25.0,0,0,8.0,S,Died,male,F,,0,1,1
77,0.0,3,,0,0,8.0,S,Died,male,,,1,1,1
78,0.0,3,,0,0,8.0,S,Died,male,,,1,1,1
79,1.0,2,1.0,0,2,29.0,S,Survived,male,,,0,2,3
80,1.0,3,30.0,0,0,12.0,S,Survived,female,,,0,3,1
81,0.0,3,22.0,0,0,9.0,S,Died,male,,,0,1,1
82,1.0,3,29.0,0,0,10.0,S,Survived,male,,,0,1,1
83,1.0,3,,0,0,8.0,Q,Survived,female,,,1,3,1
84,0.0,1,28.0,0,0,47.0,S,Died,male,,,0,1,1
85,1.0,2,17.0,0,0,10.0,S,Survived,female,,,0,3,1
86,1.0,3,33.0,3,0,16.0,S,Survived,female,,,0,4,4
87,0.0,3,16.0,1,3,34.0,S,Died,male,,,0,1,5
88,0.0,3,,0,0,8.0,S,Died,male,,,1,1,1
89,1.0,1,23.0,3,2,263.0,S,Survived,female,C,23,0,3,6
90,0.0,3,24.0,0,0,8.0,S,Died,male,,,0,1,1
91,0.0,3,29.0,0,0,8.0,S,Died,male,,,0,1,1
92,0.0,3,20.0,0,0,8.0,S,Died,male,,,0,1,1
93,0.0,1,46.0,1,0,61.0,S,Died,male,E,31,0,1,2
94,0.0,3,26.0,1,2,21.0,S,Died,male,,,0,1,4
95,0.0,3,59.0,0,0,7.0,S,Died,male,,,0,1,1
96,0.0,3,,0,0,8.0,S,Died,male,,,1,1,1
97,0.0,1,71.0,0,0,35.0,C,Died,male,A,5,0,1,1
98,1.0,1,23.0,0,1,63.0,C,Survived,male,D,10,0,1,2
99,1.0,2,34.0,0,1,23.0,S,Survived,female,,,0,4,2
100,0.0,2,34.0,1,0,26.0,S,Died,male,,,0,1,2
101,0.0,3,28.0,0,0,8.0,S,Died,female,,,0,3,1
102,0.0,3,,0,0,8.0,S,Died,male,,,1,1,1
103,0.0,1,21.0,0,1,77.0,S,Died,male,D,26,0,1,2
104,0.0,3,33.0,0,0,9.0,S,Died,male,,,0,1,1
105,0.0,3,37.0,2,0,8.0,S,Died,male,,,0,1,3
106,0.0,3,28.0,0,0,8.0,S,Died,male,,,0,1,1
107,1.0,3,21.0,0,0,8.0,S,Survived,female,,,0,3,1
108,1.0,3,,0,0,8.0,S,Survived,male,,,1,1,1
109,0.0,3,38.0,0,0,8.0,S,Died,male,,,0,1,1
110,1.0,3,,1,0,24.0,Q,Survived,female,,,1,3,2
111,0.0,1,47.0,0,0,52.0,S,Died,male,C,110,0,1,1
112,0.0,3,14.0,1,0,14.0,C,Died,female,,,0,3,2
113,0.0,3,22.0,0,0,8.0,S,Died,male,,,0,1,1
114,0.0,3,20.0,1,0,10.0,S,Died,female,,,0,3,2
115,0.0,3,17.0,0,0,14.0,C,Died,female,,,0,3,1
116,0.0,3,21.0,0,0,8.0,S,Died,male,,,0,1,1
117,0.0,3,70.0,0,0,8.0,Q,Died,male,,,0,1,1
118,0.0,2,29.0,1,0,21.0,S,Died,male,,,0,1,2
119,0.0,1,24.0,0,1,248.0,C,Died,male,B,58,0,1,2
120,0.0,3,2.0,4,2,31.0,S,Died,female,,,0,3,7
121,0.0,2,21.0,2,0,74.0,S,Died,male,,,0,1,3
122,0.0,3,,0,0,8.0,S,Died,male,,,1,1,1
123,0.0,2,32.0,1,0,30.0,C,Died,male,,,0,1,2
124,1.0,2,32.0,0,0,13.0,S,Survived,female,E,101,0,3,1
125,0.0,1,54.0,0,1,77.0,S,Died,male,D,26,0,1,2
126,1.0,3,12.0,1,0,11.0,C,Survived,male,,,0,2,2
127,0.0,3,,0,0,8.0,Q,Died,male,,,1,1,1
128,1.0,3,24.0,0,0,7.0,S,Survived,male,,,0,1,1
129,1.0,3,,1,1,22.0,C,Survived,female,F,,1,3,3
130,0.0,3,45.0,0,0,7.0,S,Died,male,,,0,1,1
131,0.0,3,33.0,0,0,8.0,C,Died,male,,,0,1,1
132,0.0,3,20.0,0,0,7.0,S,Died,male,,,0,1,1
133,0.0,3,47.0,1,0,14.0,S,Died,female,,,0,4,2
134,1.0,2,29.0,1,0,26.0,S,Survived,female,,,0,4,2
135,0.0,2,25.0,0,0,13.0,S,Died,male,,,0,1,1
136,0.0,2,23.0,0,0,15.0,C,Died,male,,,0,1,1
137,1.0,1,19.0,0,2,26.0,S,Survived,female,D,47,0,3,3
138,0.0,1,37.0,1,0,53.0,S,Died,male,C,123,0,1,2
139,0.0,3,16.0,0,0,9.0,S,Died,male,,,0,1,1
140,0.0,1,24.0,0,0,79.0,C,Died,male,B,86,0,1,1
141,0.0,3,,0,2,15.0,C,Died,female,,,1,4,3
142,1.0,3,22.0,0,0,8.0,S,Survived,female,,,0,3,1
143,1.0,3,24.0,1,0,16.0,S,Survived,female,,,0,4,2
144,0.0,3,19.0,0,0,7.0,Q,Died,male,,,0,1,1
145,0.0,2,18.0,0,0,12.0,S,Died,male,,,0,1,1
146,0.0,2,19.0,1,1,37.0,S,Died,male,,,0,1,3
147,1.0,3,27.0,0,0,8.0,S,Survived,male,,,0,1,1
148,0.0,3,9.0,2,2,34.0,S,Died,female,,,0,3,5
149,0.0,2,36.0,0,2,26.0,S,Died,male,F,2,0,1,3
150,0.0,2,42.0,0,0,13.0,S,Died,male,,,0,6,1
151,0.0,2,51.0,0,0,13.0,S,Died,male,,,0,6,1
152,1.0,1,22.0,1,0,67.0,S,Survived,female,C,2,0,4,2
153,0.0,3,56.0,0,0,8.0,S,Died,male,,,0,1,1
154,0.0,3,40.0,0,2,14.0,S,Died,male,,,0,1,3
155,0.0,3,,0,0,7.0,S,Died,male,,,1,1,1
156,0.0,1,51.0,0,1,61.0,C,Died,male,,,0,1,2
157,1.0,3,16.0,0,0,8.0,Q,Survived,female,,,0,3,1
158,0.0,3,30.0,0,0,8.0,S,Died,male,,,0,1,1
159,0.0,3,,0,0,9.0,S,Died,male,,,1,1,1
160,0.0,3,,8,2,70.0,S,Died,male,,,1,2,11
161,0.0,3,44.0,0,1,16.0,S,Died,male,,,0,1,2
162,1.0,2,40.0,0,0,16.0,S,Survived,female,,,0,4,1
163,0.0,3,26.0,0,0,8.0,S,Died,male,,,0,1,1
164,0.0,3,17.0,0,0,9.0,S,Died,male,,,0,1,1
165,0.0,3,1.0,4,1,40.0,S,Died,male,,,0,2,6
166,1.0,3,9.0,0,2,21.0,S,Survived,male,,,0,2,3
167,1.0,1,,0,1,55.0,S,Survived,female,E,33,1,4,2
168,0.0,3,45.0,1,4,28.0,S,Died,female,,,0,4,6
169,0.0,1,,0,0,26.0,S,Died,male,,,1,1,1
170,0.0,3,28.0,0,0,56.0,S,Died,male,,,0,1,1
171,0.0,1,61.0,0,0,34.0,S,Died,male,B,19,0,1,1
172,0.0,3,4.0,4,1,29.0,Q,Died,male,,,0,2,6
173,1.0,3,1.0,1,1,11.0,S,Survived,female,,,0,3,3
174,0.0,3,21.0,0,0,8.0,S,Died,male,,,0,1,1
175,0.0,1,56.0,0,0,31.0,C,Died,male,A,7,0,1,1
176,0.0,3,18.0,1,1,8.0,S,Died,male,,,0,1,3
177,0.0,3,,3,1,25.0,S,Died,male,,,1,2,5
178,0.0,1,50.0,0,0,29.0,C,Died,female,C,49,0,3,1
179,0.0,2,30.0,0,0,13.0,S,Died,male,,,0,1,1
180,0.0,3,36.0,0,0,0.0,S,Died,male,,,0,1,1
181,0.0,3,,8,2,70.0,S,Died,female,,,1,3,11
182,0.0,2,,0,0,15.0,C,Died,male,,,1,1,1
183,0.0,3,9.0,4,2,31.0,S,Died,male,,,0,2,7
184,1.0,2,1.0,2,1,39.0,S,Survived,male,F,4,0,2,4
185,1.0,3,4.0,0,2,22.0,S,Survived,female,,,0,3,3
186,0.0,1,,0,0,50.0,S,Died,male,A,32,1,1,1
187,1.0,3,,1,0,16.0,Q,Survived,female,,,1,4,2
188,1.0,1,45.0,0,0,27.0,S,Survived,male,,,0,1,1
189,0.0,3,40.0,1,1,16.0,Q,Died,male,,,0,1,3
190,0.0,3,36.0,0,0,8.0,S,Died,male,,,0,1,1
191,1.0,2,32.0,0,0,13.0,S,Survived,female,,,0,4,1
192,0.0,2,19.0,0,0,13.0,S,Died,male,,,0,1,1
193,1.0,3,19.0,1,0,8.0,S,Survived,female,,,0,3,2
194,1.0,2,3.0,1,1,26.0,S,Survived,male,F,2,0,2,3
195,1.0,1,44.0,0,0,28.0,C,Survived,female,B,4,0,4,1
196,1.0,1,58.0,0,0,147.0,C,Survived,female,B,80,0,3,1
197,0.0,3,,0,0,8.0,Q,Died,male,,,1,1,1
198,0.0,3,42.0,0,1,8.0,S,Died,male,,,0,1,2
199,1.0,3,,0,0,8.0,Q,Survived,female,,,1,3,1
200,0.0,2,24.0,0,0,13.0,S,Died,female,,,0,3,1
201,0.0,3,28.0,0,0,10.0,S,Died,male,,,0,1,1
202,0.0,3,,8,2,70.0,S,Died,male,,,1,1,11
203,0.0,3,34.0,0,0,6.0,S,Died,male,,,0,1,1
204,0.0,3,46.0,0,0,7.0,C,Died,male,,,0,1,1
205,1.0,3,18.0,0,0,8.0,S,Survived,male,,,0,1,1
206,0.0,3,2.0,0,1,10.0,S,Died,female,G,6,0,3,2
207,0.0,3,32.0,1,0,16.0,S,Died,male,,,0,1,2
208,1.0,3,26.0,0,0,19.0,C,Survived,male,,,0,1,1
209,1.0,3,16.0,0,0,8.0,Q,Survived,female,,,0,3,1
210,1.0,1,40.0,0,0,31.0,C,Survived,male,A,31,0,1,1
211,0.0,3,24.0,0,0,7.0,S,Died,male,,,0,1,1
212,1.0,2,35.0,0,0,21.0,S,Survived,female,,,0,3,1
213,0.0,3,22.0,0,0,7.0,S,Died,male,,,0,1,1
214,0.0,2,30.0,0,0,13.0,S,Died,male,,,0,1,1
215,0.0,3,,1,0,8.0,Q,Died,male,,,1,1,2
216,1.0,1,31.0,1,0,113.0,C,Survived,female,D,36,0,3,2
217,1.0,3,27.0,0,0,8.0,S,Survived,female,,,0,3,1
218,0.0,2,42.0,1,0,27.0,S,Died,male,,,0,1,2
219,1.0,1,32.0,0,0,76.0,C,Survived,female,D,15,0,3,1
220,0.0,2,30.0,0,0,10.0,S,Died,male,,,0,1,1
221,1.0,3,16.0,0,0,8.0,S,Survived,male,,,0,1,1
222,0.0,2,27.0,0,0,13.0,S,Died,male,,,0,1,1
223,0.0,3,51.0,0,0,8.0,S,Died,male,,,0,1,1
224,0.0,3,,0,0,8.0,S,Died,male,,,1,1,1
225,1.0,1,38.0,1,0,90.0,S,Survived,male,C,93,0,1,2
226,0.0,3,22.0,0,0,9.0,S,Died,male,,,0,1,1
227,1.0,2,19.0,0,0,10.0,S,Survived,male,,,0,1,1
228,0.0,3,20.0,0,0,7.0,S,Died,male,,,0,1,1
229,0.0,2,18.0,0,0,13.0,S,Died,male,,,0,1,1
230,0.0,3,,3,1,25.0,S,Died,female,,,1,3,5
231,1.0,1,35.0,1,0,83.0,S,Survived,female,C,83,0,4,2
232,0.0,3,29.0,0,0,8.0,S,Died,male,,,0,1,1
233,0.0,2,59.0,0,0,14.0,S,Died,male,,,0,1,1
234,1.0,3,5.0,4,2,31.0,S,Survived,female,,,0,3,7
235,0.0,2,24.0,0,0,10.0,S,Died,male,,,0,1,1
236,0.0,3,,0,0,8.0,S,Died,female,,,1,3,1
237,0.0,2,44.0,1,0,26.0,S,Died,male,,,0,1,2
238,1.0,2,8.0,0,2,26.0,S,Survived,female,,,0,3,3
239,0.0,2,19.0,0,0,10.0,S,Died,male,,,0,1,1
240,0.0,2,33.0,0,0,12.0,S,Died,male,,,0,1,1
241,0.0,3,,1,0,14.0,C,Died,female,,,1,3,2
242,1.0,3,,1,0,16.0,Q,Survived,female,,,1,3,2
243,0.0,2,29.0,0,0,10.0,S,Died,male,,,0,1,1
244,0.0,3,22.0,0,0,7.0,S,Died,male,,,0,1,1
245,0.0,3,30.0,0,0,7.0,C,Died,male,,,0,1,1
246,0.0,1,44.0,2,0,90.0,Q,Died,male,C,78,0,6,3
247,0.0,3,25.0,0,0,8.0,S,Died,female,,,0,3,1
248,1.0,2,24.0,0,2,14.0,S,Survived,female,,,0,4,3
249,1.0,1,37.0,1,1,53.0,S,Survived,male,D,35,0,1,3
250,0.0,2,54.0,1,0,26.0,S,Died,male,,,0,6,2
251,0.0,3,,0,0,7.0,S,Died,male,,,1,1,1
252,0.0,3,29.0,1,1,10.0,S,Died,female,G,6,0,4,3
253,0.0,1,62.0,0,0,27.0,S,Died,male,C,87,0,1,1
254,0.0,3,30.0,1,0,16.0,S,Died,male,,,0,1,2
255,0.0,3,41.0,0,2,20.0,S,Died,female,,,0,4,3
256,1.0,3,29.0,0,2,15.0,C,Survived,female,,,0,4,3
257,1.0,1,,0,0,79.0,C,Survived,female,,,1,4,1
258,1.0,1,30.0,0,0,86.0,S,Survived,female,B,77,0,3,1
259,1.0,1,35.0,0,0,512.0,C,Survived,female,,,0,3,1
260,1.0,2,50.0,0,1,26.0,S,Survived,female,,,0,4,2
261,0.0,3,,0,0,8.0,Q,Died,male,,,1,1,1
262,1.0,3,3.0,4,2,31.0,S,Survived,male,,,0,2,7
263,0.0,1,52.0,1,1,80.0,S,Died,male,E,67,0,1,3
264,0.0,1,40.0,0,0,0.0,S,Died,male,B,94,0,1,1
265,0.0,3,,0,0,8.0,Q,Died,female,,,1,3,1
266,0.0,2,36.0,0,0,10.0,S,Died,male,,,0,1,1
267,0.0,3,16.0,4,1,40.0,S,Died,male,,,0,1,6
268,1.0,3,25.0,1,0,8.0,S,Survived,male,,,0,1,2
269,1.0,1,58.0,0,1,153.0,S,Survived,female,C,125,0,4,2
270,1.0,1,35.0,0,0,136.0,S,Survived,female,C,99,0,3,1
271,0.0,1,,0,0,31.0,S,Died,male,,,1,1,1
272,1.0,3,25.0,0,0,0.0,S,Survived,male,,,0,1,1
273,1.0,2,41.0,0,1,20.0,S,Survived,female,,,0,4,2
274,0.0,1,37.0,0,1,30.0,C,Died,male,C,118,0,1,2
275,1.0,3,,0,0,8.0,Q,Survived,female,,,1,3,1
276,1.0,1,63.0,1,0,78.0,S,Survived,female,D,7,0,3,2
277,0.0,3,45.0,0,0,8.0,S,Died,female,,,0,3,1
278,0.0,2,,0,0,0.0,S,Died,male,,,1,1,1
279,0.0,3,7.0,4,1,29.0,Q,Died,male,,,0,2,6
280,1.0,3,35.0,1,1,20.0,S,Survived,female,,,0,4,3
281,0.0,3,65.0,0,0,8.0,Q,Died,male,,,0,1,1
282,0.0,3,28.0,0,0,8.0,S,Died,male,,,0,1,1
283,0.0,3,16.0,0,0,10.0,S,Died,male,,,0,1,1
284,1.0,3,19.0,0,0,8.0,S,Survived,male,,,0,1,1
285,0.0,1,,0,0,26.0,S,Died,male,A,19,1,1,1
286,0.0,3,33.0,0,0,9.0,C,Died,male,,,0,1,1
287,1.0,3,30.0,0,0,10.0,S,Survived,male,,,0,1,1
288,0.0,3,22.0,0,0,8.0,S,Died,male,,,0,1,1
289,1.0,2,42.0,0,0,13.0,S,Survived,male,,,0,1,1
290,1.0,3,22.0,0,0,8.0,Q,Survived,female,,,0,3,1
291,1.0,1,26.0,0,0,79.0,S,Survived,female,,,0,3,1
292,1.0,1,19.0,1,0,91.0,C,Survived,female,B,49,0,4,2
293,0.0,2,36.0,0,0,13.0,C,Died,male,D,,0,1,1
294,0.0,3,24.0,0,0,9.0,S,Died,female,,,0,3,1
295,0.0,3,24.0,0,0,8.0,S,Died,male,,,0,1,1
296,0.0,1,,0,0,28.0,C,Died,male,,,1,1,1
297,0.0,3,24.0,0,0,7.0,C,Died,male,,,0,1,1
298,0.0,1,2.0,1,2,152.0,S,Died,female,C,22,0,3,4
299,1.0,1,,0,0,30.0,S,Survived,male,C,106,1,1,1
300,1.0,1,50.0,0,1,248.0,C,Survived,female,B,58,0,4,2
301,1.0,3,,0,0,8.0,Q,Survived,female,,,1,3,1
302,1.0,3,,2,0,23.0,Q,Survived,male,,,1,1,3
303,0.0,3,19.0,0,0,0.0,S,Died,male,,,0,1,1
304,1.0,2,,0,0,12.0,Q,Survived,female,E,101,1,3,1
305,0.0,3,,0,0,8.0,S,Died,male,,,1,1,1
306,1.0,1,1.0,1,2,152.0,S,Survived,male,C,22,0,2,4
307,1.0,1,,0,0,111.0,C,Survived,female,,,1,3,1
308,1.0,1,17.0,1,0,109.0,C,Survived,female,C,65,0,4,2
309,0.0,2,30.0,1,0,24.0,C,Died,male,,,0,1,2
310,1.0,1,30.0,0,0,57.0,C,Survived,female,E,36,0,3,1
311,1.0,1,24.0,0,0,83.0,C,Survived,female,C,54,0,3,1
312,1.0,1,18.0,2,2,262.0,C,Survived,female,B,57,0,3,5
313,0.0,2,26.0,1,1,26.0,S,Died,female,,,0,4,3
314,0.0,3,28.0,0,0,8.0,S,Died,male,,,0,1,1
315,0.0,2,43.0,1,1,26.0,S,Died,male,,,0,1,3
316,1.0,3,26.0,0,0,8.0,S,Survived,female,,,0,3,1
317,1.0,2,24.0,1,0,26.0,S,Survived,female,,,0,4,2
318,0.0,2,54.0,0,0,14.0,S,Died,male,,,0,6,1
319,1.0,1,31.0,0,2,165.0,S,Survived,female,C,7,0,3,3
320,1.0,1,40.0,1,1,134.0,C,Survived,female,E,34,0,4,3
321,0.0,3,22.0,0,0,7.0,S,Died,male,,,0,1,1
322,0.0,3,27.0,0,0,8.0,S,Died,male,,,0,1,1
323,1.0,2,30.0,0,0,12.0,Q,Survived,female,,,0,3,1
324,1.0,2,22.0,1,1,29.0,S,Survived,female,,,0,4,3
325,0.0,3,,8,2,70.0,S,Died,male,,,1,1,11
326,1.0,1,36.0,0,0,136.0,C,Survived,female,C,32,0,3,1
327,0.0,3,61.0,0,0,6.0,S,Died,male,,,0,1,1
328,1.0,2,36.0,0,0,13.0,S,Survived,female,D,,0,4,1
329,1.0,3,31.0,1,1,21.0,S,Survived,female,,,0,4,3
330,1.0,1,16.0,0,1,58.0,C,Survived,female,B,18,0,3,2
331,1.0,3,,2,0,23.0,Q,Survived,female,,,1,3,3
332,0.0,1,46.0,0,0,28.0,S,Died,male,C,124,0,1,1
333,0.0,1,38.0,0,1,153.0,S,Died,male,C,91,0,1,2
334,0.0,3,16.0,2,0,18.0,S,Died,male,,,0,1,3
335,1.0,1,,1,0,134.0,S,Survived,female,,,1,4,2
336,0.0,3,,0,0,8.0,S,Died,male,,,1,1,1
337,0.0,1,29.0,1,0,67.0,S,Died,male,C,2,0,1,2
338,1.0,1,41.0,0,0,134.0,C,Survived,female,E,40,0,3,1
339,1.0,3,45.0,0,0,8.0,S,Survived,male,,,0,1,1
340,0.0,1,45.0,0,0,36.0,S,Died,male,T,,0,1,1
341,1.0,2,2.0,1,1,26.0,S,Survived,male,F,2,0,2,3
342,1.0,1,24.0,3,2,263.0,S,Survived,female,C,23,0,3,6
343,0.0,2,28.0,0,0,13.0,S,Died,male,,,0,1,1
344,0.0,2,25.0,0,0,13.0,S,Died,male,,,0,1,1
345,0.0,2,36.0,0,0,13.0,S,Died,male,,,0,1,1
346,1.0,2,24.0,0,0,13.0,S,Survived,female,F,33,0,3,1
347,1.0,2,40.0,0,0,13.0,S,Survived,female,,,0,3,1
348,1.0,3,,1,0,16.0,S,Survived,female,,,1,4,2
349,1.0,3,3.0,1,1,16.0,S,Survived,male,,,0,2,3
350,0.0,3,42.0,0,0,9.0,S,Died,male,,,0,1,1
351,0.0,3,23.0,0,0,9.0,S,Died,male,,,0,1,1
352,0.0,1,,0,0,35.0,S,Died,male,C,128,1,1,1
353,0.0,3,15.0,1,1,7.0,C,Died,male,,,0,1,3
354,0.0,3,25.0,1,0,18.0,S,Died,male,,,0,1,2
355,0.0,3,,0,0,7.0,C,Died,male,,,1,1,1
356,0.0,3,28.0,0,0,10.0,S,Died,male,,,0,1,1
357,1.0,1,22.0,0,1,55.0,S,Survived,female,E,33,0,3,2
358,0.0,2,38.0,0,0,13.0,S,Died,female,,,0,3,1
359,1.0,3,,0,0,8.0,Q,Survived,female,,,1,3,1
360,1.0,3,,0,0,8.0,Q,Survived,female,,,1,3,1
361,0.0,3,40.0,1,4,28.0,S,Died,male,,,0,1,6
362,0.0,2,29.0,1,0,28.0,C,Died,male,,,0,1,2
363,0.0,3,45.0,0,1,14.0,C,Died,female,,,0,4,2
364,0.0,3,35.0,0,0,7.0,S,Died,male,,,0,1,1
365,0.0,3,,1,0,16.0,Q,Died,male,,,1,1,2
366,0.0,3,30.0,0,0,7.0,S,Died,male,,,0,1,1
367,1.0,1,60.0,1,0,75.0,C,Survived,female,D,37,0,4,2
368,1.0,3,,0,0,7.0,C,Survived,female,,,1,4,1
369,1.0,3,,0,0,8.0,Q,Survived,female,,,1,3,1
370,1.0,1,24.0,0,0,69.0,C,Survived,female,B,35,0,4,1
371,1.0,1,25.0,1,0,55.0,C,Survived,male,E,50,0,1,2
372,0.0,3,18.0,1,0,6.0,S,Died,male,,,0,1,2
373,0.0,3,19.0,0,0,8.0,S,Died,male,,,0,1,1
374,0.0,1,22.0,0,0,136.0,C,Died,male,,,0,1,1
375,0.0,3,3.0,3,1,21.0,S,Died,female,,,0,3,5
376,1.0,1,,1,0,82.0,C,Survived,female,,,1,4,2
377,1.0,3,22.0,0,0,7.0,S,Survived,female,,,0,3,1
378,0.0,1,27.0,0,2,212.0,C,Died,male,C,82,0,1,3
379,0.0,3,20.0,0,0,4.0,C,Died,male,,,0,1,1
380,0.0,3,19.0,0,0,8.0,S,Died,male,,,0,1,1
381,1.0,1,42.0,0,0,228.0,C,Survived,female,,,0,3,1
382,1.0,3,1.0,0,2,16.0,C,Survived,female,,,0,3,3
383,0.0,3,32.0,0,0,8.0,S,Died,male,,,0,1,1
384,1.0,1,35.0,1,0,52.0,S,Survived,female,,,0,4,2
385,0.0,3,,0,0,8.0,S,Died,male,,,1,1,1
386,0.0,2,18.0,0,0,74.0,S,Died,male,,,0,1,1
387,0.0,3,1.0,5,2,47.0,S,Died,male,,,0,2,8
388,1.0,2,36.0,0,0,13.0,S,Survived,female,,,0,3,1
389,0.0,3,,0,0,8.0,Q,Died,male,,,1,1,1
390,1.0,2,17.0,0,0,12.0,C,Survived,female,,,0,3,1
391,1.0,1,36.0,1,2,120.0,S,Survived,male,B,96,0,1,4
392,1.0,3,21.0,0,0,8.0,S,Survived,male,,,0,1,1
393,0.0,3,28.0,2,0,8.0,S,Died,male,,,0,1,3
394,1.0,1,23.0,1,0,113.0,C,Survived,female,D,36,0,3,2
395,1.0,3,24.0,0,2,17.0,S,Survived,female,G,6,0,4,3
396,0.0,3,22.0,0,0,8.0,S,Died,male,,,0,1,1
397,0.0,3,31.0,0,0,8.0,S,Died,female,,,0,3,1
398,0.0,2,46.0,0,0,26.0,S,Died,male,,,0,1,1
399,0.0,2,23.0,0,0,10.0,S,Died,male,,,0,6,1
400,1.0,2,28.0,0,0,13.0,S,Survived,female,,,0,4,1
401,1.0,3,39.0,0,0,8.0,S,Survived,male,,,0,1,1
402,0.0,3,26.0,0,0,8.0,S,Died,male,,,0,1,1
403,0.0,3,21.0,1,0,10.0,S,Died,female,,,0,3,2
404,0.0,3,28.0,1,0,16.0,S,Died,male,,,0,1,2
405,0.0,3,20.0,0,0,9.0,S,Died,female,,,0,3,1
406,0.0,2,34.0,1,0,21.0,S,Died,male,,,0,1,2
407,0.0,3,51.0,0,0,8.0,S,Died,male,,,0,1,1
408,1.0,2,3.0,1,1,19.0,S,Survived,male,,,0,2,3
409,0.0,3,21.0,0,0,8.0,S,Died,male,,,0,1,1
410,0.0,3,,3,1,25.0,S,Died,female,,,1,3,5
411,0.0,3,,0,0,8.0,S,Died,male,,,1,1,1
412,0.0,3,,0,0,7.0,Q,Died,male,,,1,1,1
413,1.0,1,33.0,1,0,90.0,Q,Survived,female,C,78,0,3,2
414,0.0,2,,0,0,0.0,S,Died,male,,,1,1,1
415,1.0,3,44.0,0,0,8.0,S,Survived,male,,,0,1,1
416,0.0,3,,0,0,8.0,S,Died,female,,,1,4,1
417,1.0,2,34.0,1,1,32.0,S,Survived,female,,,0,4,3
418,1.0,2,18.0,0,2,13.0,S,Survived,female,,,0,3,3
419,0.0,2,30.0,0,0,13.0,S,Died,male,,,0,1,1
420,0.0,3,10.0,0,2,24.0,S,Died,female,,,0,3,3
421,0.0,3,,0,0,8.0,C,Died,male,,,1,1,1
422,0.0,3,21.0,0,0,8.0,Q,Died,male,,,0,1,1
423,0.0,3,29.0,0,0,8.0,S,Died,male,,,0,1,1
424,0.0,3,28.0,1,1,14.0,S,Died,female,,,0,4,3
425,0.0,3,18.0,1,1,20.0,S,Died,male,,,0,1,3
426,0.0,3,,0,0,7.0,S,Died,male,,,1,1,1
427,1.0,2,28.0,1,0,26.0,S,Survived,female,,,0,4,2
428,1.0,2,19.0,0,0,26.0,S,Survived,female,,,0,3,1
429,0.0,3,,0,0,8.0,Q,Died,male,,,1,1,1
430,1.0,3,32.0,0,0,8.0,S,Survived,male,E,10,0,1,1
431,1.0,1,28.0,0,0,27.0,S,Survived,male,C,52,0,1,1
432,1.0,3,,1,0,16.0,S,Survived,female,,,1,4,2
433,1.0,2,42.0,1,0,26.0,S,Survived,female,,,0,4,2
434,0.0,3,17.0,0,0,7.0,S,Died,male,,,0,1,1
435,0.0,1,50.0,1,0,56.0,S,Died,male,E,44,0,1,2
436,1.0,1,14.0,1,2,120.0,S,Survived,female,B,96,0,3,4
437,0.0,3,21.0,2,2,34.0,S,Died,female,,,0,3,5
438,1.0,2,24.0,2,3,19.0,S,Survived,female,,,0,4,6
439,0.0,1,64.0,1,4,263.0,S,Died,male,C,23,0,1,6
440,0.0,2,31.0,0,0,10.0,S,Died,male,,,0,1,1
441,1.0,2,45.0,1,1,26.0,S,Survived,female,,,0,4,3
442,0.0,3,20.0,0,0,10.0,S,Died,male,,,0,1,1
443,0.0,3,25.0,1,0,8.0,S,Died,male,,,0,1,2
444,1.0,2,28.0,0,0,13.0,S,Survived,female,,,0,1,1
445,1.0,3,,0,0,8.0,S,Survived,male,,,1,1,1
446,1.0,1,4.0,0,2,82.0,S,Survived,male,A,34,0,2,3
447,1.0,2,13.0,0,1,20.0,S,Survived,female,,,0,3,2
448,1.0,1,34.0,0,0,27.0,S,Survived,male,,,0,1,1
449,1.0,3,5.0,2,1,19.0,C,Survived,female,,,0,3,4
450,1.0,1,52.0,0,0,30.0,S,Survived,male,C,104,0,6,1
451,0.0,2,36.0,1,2,28.0,S,Died,male,,,0,1,4
452,0.0,3,,1,0,20.0,S,Died,male,,,1,1,2
453,0.0,1,30.0,0,0,28.0,C,Died,male,C,111,0,1,1
454,1.0,1,49.0,1,0,89.0,C,Survived,male,C,92,0,1,2
455,0.0,3,,0,0,8.0,S,Died,male,,,1,1,1
456,1.0,3,29.0,0,0,8.0,C,Survived,male,,,0,1,1
457,0.0,1,65.0,0,0,27.0,S,Died,male,E,38,0,1,1
458,1.0,1,,1,0,52.0,S,Survived,female,D,21,1,4,2
459,1.0,2,50.0,0,0,10.0,S,Survived,female,,,0,3,1
460,0.0,3,,0,0,8.0,Q,Died,male,,,1,1,1
461,1.0,1,48.0,0,0,27.0,S,Survived,male,E,12,0,1,1
462,0.0,3,34.0,0,0,8.0,S,Died,male,,,0,1,1
463,0.0,1,47.0,0,0,38.0,S,Died,male,E,63,0,1,1
464,0.0,2,48.0,0,0,13.0,S,Died,male,,,0,1,1
465,0.0,3,,0,0,8.0,S,Died,male,,,1,1,1
466,0.0,3,38.0,0,0,7.0,S,Died,male,,,0,1,1
467,0.0,2,,0,0,0.0,S,Died,male,,,1,1,1
468,0.0,1,56.0,0,0,27.0,S,Died,male,,,0,1,1
469,0.0,3,,0,0,8.0,Q,Died,male,,,1,1,1
470,1.0,3,1.0,2,1,19.0,C,Survived,female,,,0,3,4
471,0.0,3,,0,0,7.0,S,Died,male,,,1,1,1
472,0.0,3,38.0,0,0,9.0,S,Died,male,,,0,1,1
473,1.0,2,33.0,1,2,28.0,S,Survived,female,,,0,4,4
474,1.0,2,23.0,0,0,14.0,C,Survived,female,D,,0,4,1
475,0.0,3,22.0,0,0,10.0,S,Died,female,,,0,3,1
476,0.0,1,,0,0,52.0,S,Died,male,A,14,1,1,1
477,0.0,2,34.0,1,0,21.0,S,Died,male,,,0,1,2
478,0.0,3,29.0,1,0,7.0,S,Died,male,,,0,1,2
479,0.0,3,22.0,0,0,8.0,S,Died,male,,,0,1,1
480,1.0,3,2.0,0,1,12.0,S,Survived,female,,,0,3,2
481,0.0,3,9.0,5,2,47.0,S,Died,male,,,0,2,8
482,0.0,2,,0,0,0.0,S,Died,male,,,1,1,1
483,0.0,3,50.0,0,0,8.0,S,Died,male,,,0,1,1
484,1.0,3,63.0,0,0,10.0,S,Survived,female,,,0,4,1
485,1.0,1,25.0,1,0,91.0,C,Survived,male,B,49,0,1,2
486,0.0,3,,3,1,25.0,S,Died,female,,,1,3,5
487,1.0,1,35.0,1,0,90.0,S,Survived,female,C,93,0,4,2
488,0.0,1,58.0,0,0,30.0,C,Died,male,B,37,0,1,1
489,0.0,3,30.0,0,0,8.0,S,Died,male,,,0,1,1
490,1.0,3,9.0,1,1,16.0,S,Survived,male,,,0,2,3
491,0.0,3,,1,0,20.0,S,Died,male,,,1,1,2
492,0.0,3,21.0,0,0,7.0,S,Died,male,,,0,1,1
493,0.0,1,55.0,0,0,30.0,S,Died,male,C,30,0,1,1
494,0.0,1,71.0,0,0,50.0,C,Died,male,,,0,1,1
495,0.0,3,21.0,0,0,8.0,S,Died,male,,,0,1,1
496,0.0,3,,0,0,14.0,C,Died,male,,,1,1,1
497,1.0,1,54.0,1,0,78.0,C,Survived,female,D,20,0,3,2
498,0.0,3,,0,0,15.0,S,Died,male,,,1,1,1
499,0.0,1,25.0,1,2,152.0,S,Died,female,C,22,0,4,4
500,0.0,3,24.0,0,0,8.0,S,Died,male,,,0,1,1
501,0.0,3,17.0,0,0,9.0,S,Died,male,,,0,1,1
502,0.0,3,21.0,0,0,8.0,Q,Died,female,,,0,3,1
503,0.0,3,,0,0,8.0,Q,Died,female,,,1,3,1
504,0.0,3,37.0,0,0,10.0,S,Died,female,,,0,3,1
505,1.0,1,16.0,0,0,86.0,S,Survived,female,B,79,0,3,1
506,0.0,1,18.0,1,0,109.0,C,Died,male,C,65,0,1,2
507,1.0,2,33.0,0,2,26.0,S,Survived,female,,,0,4,3
508,1.0,1,,0,0,27.0,S,Survived,male,,,1,1,1
509,0.0,3,28.0,0,0,23.0,S,Died,male,,,0,1,1
510,1.0,3,26.0,0,0,56.0,S,Survived,male,,,0,1,1
511,1.0,3,29.0,0,0,8.0,Q,Survived,male,,,0,1,1
512,0.0,3,,0,0,8.0,S,Died,male,,,1,1,1
513,1.0,1,36.0,0,0,26.0,S,Survived,male,E,25,0,1,1
514,1.0,1,54.0,1,0,59.0,C,Survived,female,,,0,4,2
515,0.0,3,24.0,0,0,7.0,S,Died,male,,,0,1,1
516,0.0,1,47.0,0,0,34.0,S,Died,male,D,46,0,1,1
517,1.0,2,34.0,0,0,10.0,S,Survived,female,F,33,0,4,1
518,0.0,3,,0,0,24.0,Q,Died,male,,,1,1,1
519,1.0,2,36.0,1,0,26.0,S,Survived,female,,,0,4,2
520,0.0,3,32.0,0,0,8.0,S,Died,male,,,0,1,1
521,1.0,1,30.0,0,0,94.0,S,Survived,female,B,73,0,3,1
522,0.0,3,22.0,0,0,8.0,S,Died,male,,,0,1,1
523,0.0,3,,0,0,7.0,C,Died,male,,,1,1,1
524,1.0,1,44.0,0,1,58.0,C,Survived,female,B,18,0,4,2
525,0.0,3,,0,0,7.0,C,Died,male,,,1,1,1
526,0.0,3,40.0,0,0,8.0,Q,Died,male,,,0,1,1
527,1.0,2,50.0,0,0,10.0,S,Survived,female,,,0,3,1
528,0.0,1,,0,0,222.0,S,Died,male,C,95,1,1,1
529,0.0,3,39.0,0,0,8.0,S,Died,male,,,0,1,1
530,0.0,2,23.0,2,1,12.0,S,Died,male,,,0,1,4
531,1.0,2,2.0,1,1,26.0,S,Survived,female,,,0,3,3
532,0.0,3,,0,0,7.0,C,Died,male,,,1,1,1
533,0.0,3,17.0,1,1,7.0,C,Died,male,,,0,1,3
534,1.0,3,,0,2,22.0,C,Survived,female,,,1,4,3
535,0.0,3,30.0,0,0,9.0,S,Died,female,,,0,3,1
536,1.0,2,7.0,0,2,26.0,S,Survived,female,,,0,3,3
537,0.0,1,45.0,0,0,27.0,S,Died,male,B,38,0,6,1
538,1.0,1,30.0,0,0,106.0,C,Survived,female,,,0,3,1
539,0.0,3,,0,0,14.0,S,Died,male,,,1,1,1
540,1.0,1,22.0,0,2,50.0,C,Survived,female,B,39,0,3,3
541,1.0,1,36.0,0,2,71.0,S,Survived,female,B,22,0,3,3
542,0.0,3,9.0,4,2,31.0,S,Died,female,,,0,3,7
543,0.0,3,11.0,4,2,31.0,S,Died,female,,,0,3,7
544,1.0,2,32.0,1,0,26.0,S,Survived,male,,,0,1,2
545,0.0,1,50.0,1,0,106.0,C,Died,male,C,86,0,1,2
546,0.0,1,64.0,0,0,26.0,S,Died,male,,,0,1,1
547,1.0,2,19.0,1,0,26.0,S,Survived,female,,,0,4,2
548,1.0,2,,0,0,14.0,C,Survived,male,,,1,1,1
549,0.0,3,33.0,1,1,21.0,S,Died,male,,,0,1,3
550,1.0,2,8.0,1,1,37.0,S,Survived,male,,,0,2,3
551,1.0,1,17.0,0,2,111.0,C,Survived,male,C,70,0,1,3
552,0.0,2,27.0,0,0,26.0,S,Died,male,,,0,1,1
553,0.0,3,,0,0,8.0,Q,Died,male,,,1,1,1
554,1.0,3,22.0,0,0,7.0,C,Survived,male,,,0,1,1
555,1.0,3,22.0,0,0,8.0,S,Survived,female,,,0,3,1
556,0.0,1,62.0,0,0,27.0,S,Died,male,,,0,1,1
557,1.0,1,48.0,1,0,40.0,C,Survived,female,A,16,0,5,2
558,0.0,1,,0,0,228.0,C,Died,male,,,1,1,1
559,1.0,1,39.0,1,1,80.0,S,Survived,female,E,67,0,4,3
560,1.0,3,36.0,1,0,17.0,S,Survived,female,,,0,4,2
561,0.0,3,,0,0,8.0,Q,Died,male,,,1,1,1
562,0.0,3,40.0,0,0,8.0,S,Died,male,,,0,1,1
563,0.0,2,28.0,0,0,14.0,S,Died,male,,,0,1,1
564,0.0,3,,0,0,8.0,S,Died,male,,,1,1,1
565,0.0,3,,0,0,8.0,S,Died,female,,,1,3,1
566,0.0,3,24.0,2,0,24.0,S,Died,male,,,0,1,3
567,0.0,3,19.0,0,0,8.0,S,Died,male,,,0,1,1
568,0.0,3,29.0,0,4,21.0,S,Died,female,,,0,4,5
569,0.0,3,,0,0,7.0,C,Died,male,,,1,1,1
570,1.0,3,32.0,0,0,8.0,S,Survived,male,,,0,1,1
571,1.0,2,62.0,0,0,10.0,S,Survived,male,,,0,1,1
572,1.0,1,53.0,2,0,51.0,S,Survived,female,C,101,0,4,3
573,1.0,1,36.0,0,0,26.0,S,Survived,male,E,25,0,1,1
574,1.0,3,,0,0,8.0,Q,Survived,female,,,1,3,1
575,0.0,3,16.0,0,0,8.0,S,Died,male,,,0,1,1
576,0.0,3,19.0,0,0,14.0,S,Died,male,,,0,1,1
577,1.0,2,34.0,0,0,13.0,S,Survived,female,,,0,3,1
578,1.0,1,39.0,1,0,56.0,S,Survived,female,E,44,0,4,2
579,0.0,3,,1,0,14.0,C,Died,female,,,1,4,2
580,1.0,3,32.0,0,0,8.0,S,Survived,male,,,0,1,1
581,1.0,2,25.0,1,1,30.0,S,Survived,female,,,0,3,3
582,1.0,1,39.0,1,1,111.0,C,Survived,female,C,68,0,4,3
583,0.0,2,54.0,0,0,26.0,S,Died,male,,,0,1,1
584,0.0,1,36.0,0,0,40.0,C,Died,male,A,10,0,1,1
585,0.0,3,,0,0,9.0,C,Died,male,,,1,1,1
586,1.0,1,18.0,0,2,80.0,S,Survived,female,E,68,0,3,3
587,0.0,2,47.0,0,0,15.0,S,Died,male,,,0,1,1
588,1.0,1,60.0,1,1,79.0,C,Survived,male,B,41,0,1,3
589,0.0,3,22.0,0,0,8.0,S,Died,male,,,0,1,1
590,0.0,3,,0,0,8.0,S,Died,male,,,1,1,1
591,0.0,3,35.0,0,0,7.0,S,Died,male,,,0,1,1
592,1.0,1,52.0,1,0,78.0,C,Survived,female,D,20,0,4,2
593,0.0,3,47.0,0,0,7.0,S,Died,male,,,0,1,1
594,0.0,3,,0,2,8.0,Q,Died,female,,,1,3,3
595,0.0,2,37.0,1,0,26.0,S,Died,male,,,0,1,2
596,0.0,3,36.0,1,1,24.0,S,Died,male,,,0,1,3
597,1.0,2,,0,0,33.0,S,Survived,female,,,1,3,1
598,0.0,3,49.0,0,0,0.0,S,Died,male,,,0,1,1
599,0.0,3,,0,0,7.0,C,Died,male,,,1,1,1
600,1.0,1,49.0,1,0,57.0,C,Survived,male,A,20,0,5,2
601,1.0,2,24.0,2,1,27.0,S,Survived,female,,,0,4,4
602,0.0,3,,0,0,8.0,S,Died,male,,,1,1,1
603,0.0,1,,0,0,42.0,S,Died,male,,,1,1,1
604,0.0,3,44.0,0,0,8.0,S,Died,male,,,0,1,1
605,1.0,1,35.0,0,0,27.0,C,Survived,male,,,0,1,1
606,0.0,3,36.0,1,0,16.0,S,Died,male,,,0,1,2
607,0.0,3,30.0,0,0,8.0,S,Died,male,,,0,1,1
608,1.0,1,27.0,0,0,30.0,S,Survived,male,,,0,1,1
609,1.0,2,22.0,1,2,42.0,C,Survived,female,,,0,4,4
610,1.0,1,40.0,0,0,153.0,S,Survived,female,C,125,0,3,1
611,0.0,3,39.0,1,5,31.0,S,Died,female,,,0,4,7
612,0.0,3,,0,0,7.0,S,Died,male,,,1,1,1
613,1.0,3,,1,0,16.0,Q,Survived,female,,,1,3,2
614,0.0,3,,0,0,8.0,Q,Died,male,,,1,1,1
615,0.0,3,35.0,0,0,8.0,S,Died,male,,,0,1,1
616,1.0,2,24.0,1,2,65.0,S,Survived,female,,,0,3,4
617,0.0,3,34.0,1,1,14.0,S,Died,male,,,0,1,3
618,0.0,3,26.0,1,0,16.0,S,Died,female,,,0,4,2
619,1.0,2,4.0,2,1,39.0,S,Survived,female,F,4,0,3,4
620,0.0,2,26.0,0,0,10.0,S,Died,male,,,0,1,1
621,0.0,3,27.0,1,0,14.0,C,Died,male,,,0,1,2
622,1.0,1,42.0,1,0,53.0,S,Survived,male,D,19,0,1,2
623,1.0,3,20.0,1,1,16.0,C,Survived,male,,,0,1,3
624,0.0,3,21.0,0,0,8.0,S,Died,male,,,0,1,1
625,0.0,3,21.0,0,0,16.0,S,Died,male,,,0,1,1
626,0.0,1,61.0,0,0,32.0,S,Died,male,D,50,0,1,1
627,0.0,2,57.0,0,0,12.0,Q,Died,male,,,0,6,1
628,1.0,1,21.0,0,0,78.0,S,Survived,female,D,9,0,3,1
629,0.0,3,26.0,0,0,8.0,S,Died,male,,,0,1,1
630,0.0,3,,0,0,8.0,Q,Died,male,,,1,1,1
631,1.0,1,80.0,0,0,30.0,S,Survived,male,A,23,0,1,1
632,0.0,3,51.0,0,0,7.0,S,Died,male,,,0,1,1
633,1.0,1,32.0,0,0,30.0,C,Survived,male,B,50,0,6,1
634,0.0,1,,0,0,0.0,S,Died,male,,,1,1,1
635,0.0,3,9.0,3,2,28.0,S,Died,female,,,0,3,6
636,1.0,2,28.0,0,0,13.0,S,Survived,female,,,0,3,1
637,0.0,3,32.0,0,0,8.0,S,Died,male,,,0,1,1
638,0.0,2,31.0,1,1,26.0,S,Died,male,,,0,1,3
639,0.0,3,41.0,0,5,40.0,S,Died,female,,,0,4,6
640,0.0,3,,1,0,16.0,S,Died,male,,,1,1,2
641,0.0,3,20.0,0,0,8.0,S,Died,male,,,0,1,1
642,1.0,1,24.0,0,0,69.0,C,Survived,female,B,35,0,3,1
643,0.0,3,2.0,3,2,28.0,S,Died,female,,,0,3,6
644,1.0,3,,0,0,56.0,S,Survived,male,,,1,1,1
645,1.0,3,1.0,2,1,19.0,C,Survived,female,,,0,3,4
646,1.0,1,48.0,1,0,77.0,C,Survived,male,D,33,0,1,2
647,0.0,3,19.0,0,0,8.0,S,Died,male,,,0,1,1
648,1.0,1,56.0,0,0,36.0,C,Survived,male,A,26,0,6,1
649,0.0,3,,0,0,8.0,S,Died,male,,,1,1,1
650,1.0,3,23.0,0,0,8.0,S,Survived,female,,,0,3,1
651,0.0,3,,0,0,8.0,S,Died,male,,,1,1,1
652,1.0,2,18.0,0,1,23.0,S,Survived,female,,,0,3,2
653,0.0,3,21.0,0,0,8.0,S,Died,male,,,0,1,1
654,1.0,3,,0,0,8.0,Q,Survived,female,,,1,3,1
655,0.0,3,18.0,0,0,7.0,Q,Died,female,,,0,3,1
656,0.0,2,24.0,2,0,74.0,S,Died,male,,,0,1,3
657,0.0,3,,0,0,8.0,S,Died,male,,,1,1,1
658,0.0,3,32.0,1,1,16.0,Q,Died,female,,,0,4,3
659,0.0,2,23.0,0,0,13.0,S,Died,male,,,0,1,1
660,0.0,1,58.0,0,2,113.0,C,Died,male,D,48,0,1,3
661,1.0,1,50.0,2,0,134.0,S,Survived,male,,,0,6,3
662,0.0,3,40.0,0,0,7.0,C,Died,male,,,0,1,1
663,0.0,1,47.0,0,0,26.0,S,Died,male,E,58,0,1,1
664,0.0,3,36.0,0,0,7.0,S,Died,male,,,0,1,1
665,1.0,3,20.0,1,0,8.0,S,Survived,male,,,0,1,2
666,0.0,2,32.0,2,0,74.0,S,Died,male,,,0,1,3
667,0.0,2,25.0,0,0,13.0,S,Died,male,,,0,1,1
668,0.0,3,,0,0,8.0,S,Died,male,,,1,1,1
669,0.0,3,43.0,0,0,8.0,S,Died,male,,,0,1,1
670,1.0,1,,1,0,52.0,S,Survived,female,C,126,1,4,2
671,1.0,2,40.0,1,1,39.0,S,Survived,female,,,0,4,3
672,0.0,1,31.0,1,0,52.0,S,Died,male,B,71,0,1,2
673,0.0,2,70.0,0,0,10.0,S,Died,male,,,0,1,1
674,1.0,2,31.0,0,0,13.0,S,Survived,male,,,0,1,1
675,0.0,2,,0,0,0.0,S,Died,male,,,1,1,1
676,0.0,3,18.0,0,0,8.0,S,Died,male,,,0,1,1
677,0.0,3,24.0,0,0,8.0,S,Died,male,,,0,1,1
678,1.0,3,18.0,0,0,10.0,S,Survived,female,,,0,3,1
679,0.0,3,43.0,1,6,47.0,S,Died,female,,,0,4,8
680,1.0,1,36.0,0,1,512.0,C,Survived,male,B,51,0,1,2
681,0.0,3,,0,0,8.0,Q,Died,female,,,1,3,1
682,1.0,1,27.0,0,0,77.0,C,Survived,male,D,49,0,1,1
683,0.0,3,20.0,0,0,9.0,S,Died,male,,,0,1,1
684,0.0,3,14.0,5,2,47.0,S,Died,male,,,0,1,8
685,0.0,2,60.0,1,1,39.0,S,Died,male,,,0,1,3
686,0.0,2,25.0,1,2,42.0,C,Died,male,,,0,1,4
687,0.0,3,14.0,4,1,40.0,S,Died,male,,,0,1,6
688,0.0,3,19.0,0,0,10.0,S,Died,male,,,0,1,1
689,0.0,3,18.0,0,0,8.0,S,Died,male,,,0,1,1
690,1.0,1,15.0,0,1,211.0,S,Survived,female,B,5,0,3,2
691,1.0,1,31.0,1,0,57.0,S,Survived,male,B,20,0,1,2
692,1.0,3,4.0,0,1,13.0,C,Survived,female,,,0,3,2
693,1.0,3,,0,0,56.0,S,Survived,male,,,1,1,1
694,0.0,3,25.0,0,0,7.0,C,Died,male,,,0,1,1
695,0.0,1,60.0,0,0,27.0,S,Died,male,,,0,6,1
696,0.0,2,52.0,0,0,14.0,S,Died,male,,,0,1,1
697,0.0,3,44.0,0,0,8.0,S,Died,male,,,0,1,1
698,1.0,3,,0,0,8.0,Q,Survived,female,,,1,3,1
699,0.0,1,49.0,1,1,111.0,C,Died,male,C,68,0,1,3
700,0.0,3,42.0,0,0,8.0,S,Died,male,F,,0,1,1
701,1.0,1,18.0,1,0,228.0,C,Survived,female,C,62,0,4,2
702,1.0,1,35.0,0,0,26.0,S,Survived,male,E,24,0,1,1
703,0.0,3,18.0,0,1,14.0,C,Died,female,,,0,3,2
704,0.0,3,25.0,0,0,8.0,Q,Died,male,,,0,1,1
705,0.0,3,26.0,1,0,8.0,S,Died,male,,,0,1,2
706,0.0,2,39.0,0,0,26.0,S,Died,male,,,0,1,1
707,1.0,2,45.0,0,0,14.0,S,Survived,female,,,0,4,1
708,1.0,1,42.0,0,0,26.0,S,Survived,male,E,24,0,1,1
709,1.0,1,22.0,0,0,152.0,S,Survived,female,,,0,3,1
710,1.0,3,,1,1,15.0,C,Survived,male,,,1,2,3
711,1.0,1,24.0,0,0,50.0,C,Survived,female,C,90,0,3,1
712,0.0,1,,0,0,27.0,S,Died,male,C,124,1,1,1
713,1.0,1,48.0,1,0,52.0,S,Survived,male,C,126,0,1,2
714,0.0,3,29.0,0,0,9.0,S,Died,male,,,0,1,1
715,0.0,2,52.0,0,0,13.0,S,Died,male,,,0,1,1
716,0.0,3,19.0,0,0,8.0,S,Died,male,F,,0,1,1
717,1.0,1,38.0,0,0,228.0,C,Survived,female,C,45,0,3,1
718,1.0,2,27.0,0,0,10.0,S,Survived,female,E,101,0,3,1
719,0.0,3,,0,0,16.0,Q,Died,male,,,1,1,1
720,0.0,3,33.0,0,0,8.0,S,Died,male,,,0,1,1
721,1.0,2,6.0,0,1,33.0,S,Survived,female,,,0,3,2
722,0.0,3,17.0,1,0,7.0,S,Died,male,,,0,1,2
723,0.0,2,34.0,0,0,13.0,S,Died,male,,,0,1,1
724,0.0,2,50.0,0,0,13.0,S,Died,male,,,0,1,1
725,1.0,1,27.0,1,0,53.0,S,Survived,male,E,8,0,1,2
726,0.0,3,20.0,0,0,9.0,S,Died,male,,,0,1,1
727,1.0,2,30.0,3,0,21.0,S,Survived,female,,,0,4,4
728,1.0,3,,0,0,8.0,Q,Survived,female,,,1,3,1
729,0.0,2,25.0,1,0,26.0,S,Died,male,,,0,1,2
730,0.0,3,25.0,1,0,8.0,S,Died,female,,,0,3,2
731,1.0,1,29.0,0,0,211.0,S,Survived,female,B,5,0,3,1
732,0.0,3,11.0,0,0,19.0,C,Died,male,,,0,1,1
733,0.0,2,,0,0,0.0,S,Died,male,,,1,1,1
734,0.0,2,23.0,0,0,13.0,S,Died,male,,,0,1,1
735,0.0,2,23.0,0,0,13.0,S,Died,male,,,0,1,1
736,0.0,3,28.0,0,0,16.0,S,Died,male,,,0,1,1
737,0.0,3,48.0,1,3,34.0,S,Died,female,,,0,4,5
738,1.0,1,35.0,0,0,512.0,C,Survived,male,B,101,0,1,1
739,0.0,3,,0,0,8.0,S,Died,male,,,1,1,1
740,0.0,3,,0,0,8.0,S,Died,male,,,1,1,1
741,1.0,1,,0,0,30.0,S,Survived,male,D,45,1,1,1
742,0.0,1,36.0,1,0,79.0,S,Died,male,C,46,0,1,2
743,1.0,1,21.0,2,2,262.0,C,Survived,female,B,57,0,3,5
744,0.0,3,24.0,1,0,16.0,S,Died,male,,,0,1,2
745,1.0,3,31.0,0,0,8.0,S,Survived,male,,,0,1,1
746,0.0,1,70.0,1,1,71.0,S,Died,male,B,22,0,6,3
747,0.0,3,16.0,1,1,20.0,S,Died,male,,,0,1,3
748,1.0,2,30.0,0,0,13.0,S,Survived,female,,,0,3,1
749,0.0,1,19.0,1,0,53.0,S,Died,male,D,30,0,1,2
750,0.0,3,31.0,0,0,8.0,Q,Died,male,,,0,1,1
751,1.0,2,4.0,1,1,23.0,S,Survived,female,,,0,3,3
752,1.0,3,6.0,0,1,12.0,S,Survived,male,E,121,0,2,2
753,0.0,3,33.0,0,0,10.0,S,Died,male,,,0,1,1
754,0.0,3,23.0,0,0,8.0,S,Died,male,,,0,1,1
755,1.0,2,48.0,1,2,65.0,S,Survived,female,,,0,4,4
756,1.0,2,1.0,1,1,14.0,S,Survived,male,,,0,2,3
757,0.0,3,28.0,0,0,8.0,S,Died,male,,,0,1,1
758,0.0,2,18.0,0,0,12.0,S,Died,male,,,0,1,1
759,0.0,3,34.0,0,0,8.0,S,Died,male,,,0,1,1
760,1.0,1,33.0,0,0,86.0,S,Survived,female,B,77,0,5,1
761,0.0,3,,0,0,14.0,S,Died,male,,,1,1,1
762,0.0,3,41.0,0,0,7.0,S,Died,male,,,0,1,1
763,1.0,3,20.0,0,0,7.0,C,Survived,male,,,0,1,1
764,1.0,1,36.0,1,2,120.0,S,Survived,female,B,96,0,4,4
765,0.0,3,16.0,0,0,8.0,S,Died,male,,,0,1,1
766,1.0,1,51.0,1,0,78.0,S,Survived,female,D,11,0,4,2
767,0.0,1,,0,0,40.0,C,Died,male,,,1,6,1
768,0.0,3,30.0,0,0,8.0,Q,Died,female,,,0,3,1
769,0.0,3,,1,0,24.0,Q,Died,male,,,1,1,2
770,0.0,3,32.0,0,0,8.0,S,Died,male,,,0,1,1
771,0.0,3,24.0,0,0,10.0,S,Died,male,,,0,1,1
772,0.0,3,48.0,0,0,8.0,S,Died,male,,,0,1,1
773,0.0,2,57.0,0,0,10.0,S,Died,female,E,77,0,4,1
774,0.0,3,,0,0,7.0,C,Died,male,,,1,1,1
775,1.0,2,54.0,1,3,23.0,S,Survived,female,,,0,4,5
776,0.0,3,18.0,0,0,8.0,S,Died,male,,,0,1,1
777,0.0,3,,0,0,8.0,Q,Died,male,F,38,1,1,1
778,1.0,3,5.0,0,0,12.0,S,Survived,female,,,0,3,1
779,0.0,3,,0,0,8.0,Q,Died,male,,,1,1,1
780,1.0,1,43.0,0,1,211.0,S,Survived,female,B,3,0,4,2
781,1.0,3,13.0,0,0,7.0,C,Survived,female,,,0,3,1
782,1.0,1,17.0,1,0,57.0,S,Survived,female,B,20,0,4,2
783,0.0,1,29.0,0,0,30.0,S,Died,male,D,6,0,1,1
784,0.0,3,,1,2,23.0,S,Died,male,,,1,1,4
785,0.0,3,25.0,0,0,7.0,S,Died,male,,,0,1,1
786,0.0,3,25.0,0,0,7.0,S,Died,male,,,0,1,1
787,1.0,3,18.0,0,0,7.0,S,Survived,female,,,0,3,1
788,0.0,3,8.0,4,1,29.0,Q,Died,male,,,0,2,6
789,1.0,3,1.0,1,2,21.0,S,Survived,male,,,0,2,4
790,0.0,1,46.0,0,0,79.0,C,Died,male,B,82,0,1,1
791,0.0,3,,0,0,8.0,Q,Died,male,,,1,1,1
792,0.0,2,16.0,0,0,26.0,S,Died,male,,,0,1,1
793,0.0,3,,8,2,70.0,S,Died,female,,,1,3,11
794,0.0,1,,0,0,31.0,C,Died,male,,,1,1,1
795,0.0,3,25.0,0,0,8.0,S,Died,male,,,0,1,1
796,0.0,2,39.0,0,0,13.0,S,Died,male,,,0,1,1
797,1.0,1,49.0,0,0,26.0,S,Survived,female,D,17,0,6,1
798,1.0,3,31.0,0,0,9.0,S,Survived,female,,,0,4,1
799,0.0,3,30.0,0,0,7.0,C,Died,male,,,0,1,1
800,0.0,3,30.0,1,1,24.0,S,Died,female,,,0,4,3
801,0.0,2,34.0,0,0,13.0,S,Died,male,,,0,1,1
802,1.0,2,31.0,1,1,26.0,S,Survived,female,,,0,4,3
803,1.0,1,11.0,1,2,120.0,S,Survived,male,B,96,0,2,4
804,1.0,3,0.0,0,1,9.0,C,Survived,male,,,0,2,2
805,1.0,3,27.0,0,0,7.0,S,Survived,male,,,0,1,1
806,0.0,3,31.0,0,0,8.0,S,Died,male,,,0,1,1
807,0.0,1,39.0,0,0,0.0,S,Died,male,A,36,0,1,1
808,0.0,3,18.0,0,0,8.0,S,Died,female,,,0,3,1
809,0.0,2,39.0,0,0,13.0,S,Died,male,,,0,1,1
810,1.0,1,33.0,1,0,53.0,S,Survived,female,E,8,0,4,2
811,0.0,3,26.0,0,0,8.0,S,Died,male,,,0,1,1
812,0.0,3,39.0,0,0,24.0,S,Died,male,,,0,1,1
813,0.0,2,35.0,0,0,10.0,S,Died,male,,,0,1,1
814,0.0,3,6.0,4,2,31.0,S,Died,female,,,0,3,7
815,0.0,3,30.0,0,0,8.0,S,Died,male,,,0,1,1
816,0.0,1,,0,0,0.0,S,Died,male,B,102,1,1,1
817,0.0,3,23.0,0,0,8.0,S,Died,female,,,0,3,1
818,0.0,2,31.0,1,1,37.0,C,Died,male,,,0,1,3
819,0.0,3,43.0,0,0,6.0,S,Died,male,,,0,1,1
820,0.0,3,10.0,3,2,28.0,S,Died,male,,,0,2,6
821,1.0,1,52.0,1,1,94.0,S,Survived,female,B,69,0,4,3
822,1.0,3,27.0,0,0,9.0,S,Survived,male,,,0,1,1
823,0.0,1,38.0,0,0,0.0,S,Died,male,,,0,5,1
824,1.0,3,27.0,0,1,12.0,S,Survived,female,E,121,0,4,2
825,0.0,3,2.0,4,1,40.0,S,Died,male,,,0,2,6
826,0.0,3,,0,0,7.0,Q,Died,male,,,1,1,1
827,0.0,3,,0,0,56.0,S,Died,male,,,1,1,1
828,1.0,2,1.0,0,2,37.0,C,Survived,male,,,0,2,3
829,1.0,3,,0,0,8.0,Q,Survived,male,,,1,1,1
830,1.0,1,62.0,0,0,80.0,,Survived,female,B,28,0,4,1
831,1.0,3,15.0,1,0,14.0,C,Survived,female,,,0,4,2
832,1.0,2,1.0,1,1,19.0,S,Survived,male,,,0,2,3
833,0.0,3,,0,0,7.0,C,Died,male,,,1,1,1
834,0.0,3,23.0,0,0,8.0,S,Died,male,,,0,1,1
835,0.0,3,18.0,0,0,8.0,S,Died,male,,,0,1,1
836,1.0,1,39.0,1,1,83.0,C,Survived,female,E,49,0,3,3
837,0.0,3,21.0,0,0,9.0,S,Died,male,,,0,1,1
838,0.0,3,,0,0,8.0,S,Died,male,,,1,1,1
839,1.0,3,32.0,0,0,56.0,S,Survived,male,,,0,1,1
840,1.0,1,,0,0,30.0,C,Survived,male,C,47,1,1,1
841,0.0,3,20.0,0,0,8.0,S,Died,male,,,0,1,1
842,0.0,2,16.0,0,0,10.0,S,Died,male,,,0,1,1
843,1.0,1,30.0,0,0,31.0,C,Survived,female,,,0,3,1
844,0.0,3,34.0,0,0,6.0,C,Died,male,,,0,1,1
845,0.0,3,17.0,0,0,9.0,S,Died,male,,,0,1,1
846,0.0,3,42.0,0,0,8.0,S,Died,male,,,0,1,1
847,0.0,3,,8,2,70.0,S,Died,male,,,1,1,11
848,0.0,3,35.0,0,0,8.0,C,Died,male,,,0,1,1
849,0.0,2,28.0,0,1,33.0,S,Died,male,,,0,6,2
850,1.0,1,,1,0,89.0,C,Survived,female,C,92,1,4,2
851,0.0,3,4.0,4,2,31.0,S,Died,male,,,0,2,7
852,0.0,3,74.0,0,0,8.0,S,Died,male,,,0,1,1
853,0.0,3,9.0,1,1,15.0,C,Died,female,,,0,3,3
854,1.0,1,16.0,0,1,39.0,S,Survived,female,D,28,0,3,2
855,0.0,2,44.0,1,0,26.0,S,Died,female,,,0,4,2
856,1.0,3,18.0,0,1,9.0,S,Survived,female,,,0,4,2
857,1.0,1,45.0,1,1,165.0,S,Survived,female,,,0,4,3
858,1.0,1,51.0,0,0,27.0,S,Survived,male,E,17,0,1,1
859,1.0,3,24.0,0,3,19.0,C,Survived,female,,,0,4,4
860,0.0,3,,0,0,7.0,C,Died,male,,,1,1,1
861,0.0,3,41.0,2,0,14.0,S,Died,male,,,0,1,3
862,0.0,2,21.0,1,0,12.0,S,Died,male,,,0,1,2
863,1.0,1,48.0,0,0,26.0,S,Survived,female,D,17,0,4,1
864,0.0,3,,8,2,70.0,S,Died,female,,,1,3,11
865,0.0,2,24.0,0,0,13.0,S,Died,male,,,0,1,1
866,1.0,2,42.0,0,0,13.0,S,Survived,female,,,0,4,1
867,1.0,2,27.0,1,0,14.0,C,Survived,female,,,0,3,2
868,0.0,1,31.0,0,0,50.0,S,Died,male,A,24,0,1,1
869,0.0,3,,0,0,10.0,S,Died,male,,,1,1,1
870,1.0,3,4.0,1,1,11.0,S,Survived,male,,,0,2,3
871,0.0,3,26.0,0,0,8.0,S,Died,male,,,0,1,1
872,1.0,1,47.0,1,1,53.0,S,Survived,female,D,35,0,4,3
873,0.0,1,33.0,0,0,5.0,S,Died,male,B,51,0,1,1
874,0.0,3,47.0,0,0,9.0,S,Died,male,,,0,1,1
875,1.0,2,28.0,1,0,24.0,C,Survived,female,,,0,4,2
876,1.0,3,15.0,0,0,7.0,C,Survived,female,,,0,3,1
877,0.0,3,20.0,0,0,10.0,S,Died,male,,,0,1,1
878,0.0,3,19.0,0,0,8.0,S,Died,male,,,0,1,1
879,0.0,3,,0,0,8.0,S,Died,male,,,1,1,1
880,1.0,1,56.0,0,1,83.0,C,Survived,female,C,50,0,4,2
881,1.0,2,25.0,0,1,26.0,S,Survived,female,,,0,4,2
882,0.0,3,33.0,0,0,8.0,S,Died,male,,,0,1,1
883,0.0,3,22.0,0,0,11.0,S,Died,female,,,0,3,1
884,0.0,2,28.0,0,0,10.0,S,Died,male,,,0,1,1
885,0.0,3,25.0,0,0,7.0,S,Died,male,,,0,1,1
886,0.0,3,39.0,0,5,29.0,Q,Died,female,,,0,4,6
887,0.0,2,27.0,0,0,13.0,S,Died,male,,,0,6,1
888,1.0,1,19.0,0,0,30.0,S,Survived,female,B,42,0,3,1
889,0.0,3,,1,2,23.0,S,Died,female,,,1,3,4
890,1.0,1,26.0,0,0,30.0,C,Survived,male,C,148,0,1,1
891,0.0,3,32.0,0,0,8.0,Q,Died,male,,,0,1,1
892,,3,34.0,0,0,8.0,Q,,male,,,0,1,1
893,,3,47.0,1,0,7.0,S,,female,,,0,4,2
894,,2,62.0,0,0,10.0,Q,,male,,,0,1,1
895,,3,27.0,0,0,9.0,S,,male,,,0,1,1
896,,3,22.0,1,1,12.0,S,,female,,,0,4,3
897,,3,14.0,0,0,9.0,S,,male,,,0,1,1
898,,3,30.0,0,0,8.0,Q,,female,,,0,3,1
899,,2,26.0,1,1,29.0,S,,male,,,0,1,3
900,,3,18.0,0,0,7.0,C,,female,,,0,4,1
901,,3,21.0,2,0,24.0,S,,male,,,0,1,3
902,,3,,0,0,8.0,S,,male,,,1,1,1
903,,1,46.0,0,0,26.0,S,,male,,,0,1,1
904,,1,23.0,1,0,82.0,S,,female,B,45,0,4,2
905,,2,63.0,1,0,26.0,S,,male,,,0,1,2
906,,1,47.0,1,0,61.0,S,,female,E,31,0,4,2
907,,2,24.0,1,0,28.0,C,,female,,,0,4,2
908,,2,35.0,0,0,12.0,Q,,male,,,0,1,1
909,,3,21.0,0,0,7.0,C,,male,,,0,1,1
910,,3,27.0,1,0,8.0,S,,female,,,0,3,2
911,,3,45.0,0,0,7.0,C,,female,,,0,4,1
912,,1,55.0,1,0,59.0,C,,male,,,0,1,2
913,,3,9.0,0,1,3.0,S,,male,,,0,2,2
914,,1,,0,0,32.0,S,,female,,,1,4,1
915,,1,21.0,0,1,61.0,C,,male,,,0,1,2
916,,1,48.0,1,3,262.0,C,,female,B,57,0,4,5
917,,3,50.0,1,0,14.0,S,,male,,,0,1,2
918,,1,22.0,0,1,62.0,C,,female,B,36,0,3,2
919,,3,22.0,0,0,7.0,C,,male,,,0,1,1
920,,1,41.0,0,0,30.0,S,,male,A,21,0,1,1
921,,3,,2,0,22.0,C,,male,,,1,1,3
922,,2,50.0,1,0,26.0,S,,male,,,0,1,2
923,,2,24.0,2,0,32.0,S,,male,,,0,1,3
924,,3,33.0,1,2,21.0,S,,female,,,0,4,4
925,,3,,1,2,23.0,S,,female,,,1,4,4
926,,1,30.0,1,0,58.0,C,,male,C,78,0,1,2
927,,3,18.0,0,0,7.0,C,,male,,,0,1,1
928,,3,,0,0,8.0,S,,female,,,1,3,1
929,,3,21.0,0,0,9.0,S,,female,,,0,3,1
930,,3,25.0,0,0,10.0,S,,male,,,0,1,1
931,,3,,0,0,56.0,S,,male,,,1,1,1
932,,3,39.0,0,1,13.0,C,,male,,,0,1,2
933,,1,,0,0,27.0,S,,male,D,34,1,1,1
934,,3,41.0,0,0,8.0,S,,male,,,0,1,1
935,,2,30.0,0,0,13.0,S,,female,,,0,4,1
936,,1,45.0,1,0,53.0,S,,female,D,19,0,4,2
937,,3,25.0,0,0,8.0,S,,male,,,0,1,1
938,,1,45.0,0,0,30.0,C,,male,A,9,0,1,1
939,,3,,0,0,8.0,Q,,male,,,1,1,1
940,,1,60.0,0,0,76.0,C,,female,D,15,0,4,1
941,,3,36.0,0,2,16.0,S,,female,,,0,4,3
942,,1,24.0,1,0,60.0,S,,male,C,31,0,1,2
943,,2,27.0,0,0,15.0,C,,male,,,0,1,1
944,,2,20.0,2,1,23.0,S,,female,,,0,3,4
945,,1,28.0,3,2,263.0,S,,female,C,23,0,3,6
946,,2,,0,0,16.0,C,,male,,,1,1,1
947,,3,10.0,4,1,29.0,Q,,male,,,0,2,6
948,,3,35.0,0,0,8.0,S,,male,,,0,1,1
949,,3,25.0,0,0,8.0,S,,male,F,,0,1,1
950,,3,,1,0,16.0,S,,male,,,1,1,2
951,,1,36.0,0,0,262.0,C,,female,B,61,0,3,1
952,,3,17.0,0,0,8.0,S,,male,,,0,1,1
953,,2,32.0,0,0,14.0,S,,male,,,0,1,1
954,,3,18.0,0,0,8.0,S,,male,,,0,1,1
955,,3,22.0,0,0,8.0,Q,,female,,,0,3,1
956,,1,13.0,2,2,262.0,C,,male,B,57,0,2,5
957,,2,,0,0,21.0,S,,female,,,1,4,1
958,,3,18.0,0,0,8.0,Q,,female,,,0,3,1
959,,1,47.0,0,0,42.0,S,,male,,,0,1,1
960,,1,31.0,0,0,29.0,C,,male,C,53,0,1,1
961,,1,60.0,1,4,263.0,S,,female,C,23,0,4,6
962,,3,24.0,0,0,8.0,Q,,female,,,0,3,1
963,,3,21.0,0,0,8.0,S,,male,,,0,1,1
964,,3,29.0,0,0,8.0,S,,female,,,0,3,1
965,,1,28.0,0,0,28.0,C,,male,D,43,0,1,1
966,,1,35.0,0,0,212.0,C,,female,C,130,0,3,1
967,,1,32.0,0,0,212.0,C,,male,C,132,0,1,1
968,,3,,0,0,8.0,S,,male,,,1,1,1
969,,1,55.0,2,0,26.0,S,,female,C,101,0,4,3
970,,2,30.0,0,0,13.0,S,,male,,,0,1,1
971,,3,24.0,0,0,8.0,Q,,female,,,0,3,1
972,,3,6.0,1,1,15.0,C,,male,,,0,2,3
973,,1,67.0,1,0,222.0,S,,male,C,55,0,1,2
974,,1,49.0,0,0,26.0,S,,male,,,0,1,1
975,,3,,0,0,8.0,S,,male,,,1,1,1
976,,2,,0,0,11.0,Q,,male,,,1,1,1
977,,3,,1,0,14.0,C,,male,,,1,1,2
978,,3,27.0,0,0,8.0,Q,,female,,,0,3,1
979,,3,18.0,0,0,8.0,S,,female,,,0,3,1
980,,3,,0,0,8.0,Q,,female,,,1,1,1
981,,2,2.0,1,1,23.0,S,,male,,,0,2,3
982,,3,22.0,1,0,14.0,S,,female,,,0,4,2
983,,3,,0,0,8.0,S,,male,,,1,1,1
984,,1,27.0,1,2,52.0,S,,female,B,71,0,4,4
985,,3,,0,0,8.0,S,,male,,,1,1,1
986,,1,25.0,0,0,26.0,C,,male,,,0,1,1
987,,3,25.0,0,0,8.0,S,,male,,,0,1,1
988,,1,76.0,1,0,79.0,S,,female,C,46,0,4,2
989,,3,29.0,0,0,8.0,S,,male,,,0,1,1
990,,3,20.0,0,0,8.0,S,,female,,,0,3,1
991,,3,33.0,0,0,8.0,S,,male,,,0,1,1
992,,1,43.0,1,0,55.0,C,,female,C,116,0,4,2
993,,2,27.0,1,0,26.0,S,,male,,,0,1,2
994,,3,,0,0,8.0,Q,,male,,,1,1,1
995,,3,26.0,0,0,8.0,S,,male,,,0,1,1
996,,3,16.0,1,1,9.0,C,,female,,,0,4,3
997,,3,28.0,0,0,23.0,S,,male,,,0,1,1
998,,3,21.0,0,0,8.0,Q,,male,,,0,1,1
999,,3,,0,0,8.0,Q,,male,,,1,1,1
1000,,3,,0,0,9.0,S,,male,,,1,1,1
1001,,2,18.0,0,0,13.0,S,,male,F,,0,1,1
1002,,2,41.0,0,0,15.0,C,,male,,,0,1,1
1003,,3,,0,0,8.0,Q,,female,,,1,3,1
1004,,1,36.0,0,0,32.0,C,,female,A,29,0,3,1
1005,,3,18.0,0,0,7.0,Q,,female,,,0,3,1
1006,,1,63.0,1,0,222.0,S,,female,C,55,0,4,2
1007,,3,18.0,1,0,14.0,C,,male,,,0,1,2
1008,,3,,0,0,6.0,C,,male,,,1,1,1
1009,,3,1.0,1,1,17.0,S,,female,G,6,0,3,3
1010,,1,36.0,0,0,75.0,C,,male,C,6,0,1,1
1011,,2,29.0,1,0,26.0,S,,female,,,0,4,2
1012,,2,12.0,0,0,16.0,S,,female,,,0,3,1
1013,,3,,1,0,8.0,Q,,male,,,1,1,2
1014,,1,35.0,1,0,58.0,C,,female,C,28,0,4,2
1015,,3,28.0,0,0,7.0,S,,male,,,0,1,1
1016,,3,,0,0,8.0,Q,,male,,,1,1,1
1017,,3,17.0,0,1,16.0,S,,female,,,0,3,2
1018,,3,22.0,0,0,8.0,S,,male,,,0,1,1
1019,,3,,2,0,23.0,Q,,female,,,1,3,3
1020,,2,42.0,0,0,13.0,S,,male,,,0,1,1
1021,,3,24.0,0,0,8.0,S,,male,,,0,1,1
1022,,3,32.0,0,0,8.0,S,,male,,,0,1,1
1023,,1,53.0,0,0,28.0,C,,male,C,51,0,6,1
1024,,3,,0,4,25.0,S,,female,,,1,4,5
1025,,3,,1,0,6.0,C,,male,,,1,1,2
1026,,3,43.0,0,0,8.0,S,,male,,,0,1,1
1027,,3,24.0,0,0,8.0,S,,male,,,0,1,1
1028,,3,26.0,0,0,7.0,C,,male,,,0,1,1
1029,,2,26.0,0,0,13.0,S,,male,,,0,1,1
1030,,3,23.0,0,0,8.0,S,,female,,,0,3,1
1031,,3,40.0,1,6,47.0,S,,male,,,0,1,8
1032,,3,10.0,5,2,47.0,S,,female,,,0,3,8
1033,,1,33.0,0,0,152.0,S,,female,,,0,3,1
1034,,1,61.0,1,3,262.0,C,,male,B,57,0,1,5
1035,,2,28.0,0,0,26.0,S,,male,,,0,1,1
1036,,1,42.0,0,0,27.0,S,,male,,,0,1,1
1037,,3,31.0,3,0,18.0,S,,male,,,0,1,4
1038,,1,,0,0,52.0,S,,male,E,46,1,1,1
1039,,3,22.0,0,0,8.0,S,,male,,,0,1,1
1040,,1,,0,0,27.0,S,,male,,,1,1,1
1041,,2,30.0,1,1,26.0,S,,male,,,0,6,3
1042,,1,23.0,0,1,83.0,C,,female,C,54,0,4,2
1043,,3,,0,0,8.0,C,,male,,,1,1,1
1044,,3,60.0,0,0,,S,,male,,,0,1,1
1045,,3,36.0,0,2,12.0,S,,female,,,0,4,3
1046,,3,13.0,4,2,31.0,S,,male,,,0,2,7
1047,,3,24.0,0,0,8.0,S,,male,,,0,1,1
1048,,1,29.0,0,0,222.0,S,,female,C,97,0,3,1
1049,,3,23.0,0,0,8.0,S,,female,,,0,3,1
1050,,1,42.0,0,0,27.0,S,,male,D,22,0,1,1
1051,,3,26.0,0,2,14.0,S,,female,,,0,4,3
1052,,3,,0,0,8.0,Q,,female,,,1,3,1
1053,,3,7.0,1,1,15.0,C,,male,,,0,2,3
1054,,2,26.0,0,0,14.0,S,,female,,,0,3,1
1055,,3,,0,0,7.0,S,,male,,,1,1,1
1056,,2,41.0,0,0,13.0,S,,male,,,0,6,1
1057,,3,26.0,1,1,22.0,S,,female,,,0,4,3
1058,,1,48.0,0,0,50.0,C,,male,B,10,0,1,1
1059,,3,18.0,2,2,34.0,S,,male,,,0,1,5
1060,,1,,0,0,28.0,C,,female,,,1,4,1
1061,,3,22.0,0,0,9.0,S,,female,,,0,3,1
1062,,3,,0,0,8.0,S,,male,,,1,1,1
1063,,3,27.0,0,0,7.0,C,,male,,,0,1,1
1064,,3,23.0,1,0,14.0,S,,male,,,0,1,2
1065,,3,,0,0,7.0,C,,male,,,1,1,1
1066,,3,40.0,1,5,31.0,S,,male,,,0,1,7
1067,,2,15.0,0,2,39.0,S,,female,,,0,3,3
1068,,2,20.0,0,0,37.0,S,,female,,,0,3,1
1069,,1,54.0,1,0,55.0,C,,male,C,116,0,1,2
1070,,2,36.0,0,3,39.0,S,,female,F,4,0,4,4
1071,,1,64.0,0,2,83.0,C,,female,E,45,0,4,3
1072,,2,30.0,0,0,13.0,S,,male,,,0,1,1
1073,,1,37.0,1,1,83.0,C,,male,E,52,0,1,3
1074,,1,18.0,1,0,53.0,S,,female,D,30,0,4,2
1075,,3,,0,0,8.0,Q,,male,,,1,1,1
1076,,1,27.0,1,1,248.0,C,,female,B,58,0,4,3
1077,,2,40.0,0,0,16.0,S,,male,,,0,1,1
1078,,2,21.0,0,1,21.0,S,,female,,,0,3,2
1079,,3,17.0,2,0,8.0,S,,male,,,0,1,3
1080,,3,,8,2,70.0,S,,female,,,1,3,11
1081,,2,40.0,0,0,13.0,S,,male,,,0,1,1
1082,,2,34.0,1,0,26.0,S,,male,,,0,1,2
1083,,1,,0,0,26.0,S,,male,,,1,1,1
1084,,3,12.0,1,1,14.0,S,,male,,,0,2,3
1085,,2,61.0,0,0,12.0,Q,,male,,,0,1,1
1086,,2,8.0,0,2,32.0,S,,male,,,0,2,3
1087,,3,33.0,0,0,8.0,S,,male,,,0,1,1
1088,,1,6.0,0,2,134.0,C,,male,E,34,0,2,3
1089,,3,18.0,0,0,8.0,S,,female,,,0,3,1
1090,,2,23.0,0,0,10.0,S,,male,,,0,1,1
1091,,3,,0,0,8.0,S,,female,,,1,4,1
1092,,3,,0,0,16.0,Q,,female,,,1,3,1
1093,,3,0.0,0,2,14.0,S,,male,,,0,2,3
1094,,1,47.0,1,0,228.0,C,,male,C,62,0,6,2
1095,,2,8.0,1,1,26.0,S,,female,,,0,3,3
1096,,2,25.0,0,0,10.0,S,,male,,,0,1,1
1097,,1,,0,0,26.0,C,,male,,,1,1,1
1098,,3,35.0,0,0,8.0,Q,,female,,,0,3,1
1099,,2,24.0,0,0,10.0,S,,male,,,0,1,1
1100,,1,33.0,0,0,28.0,C,,female,A,11,0,3,1
1101,,3,25.0,0,0,8.0,S,,male,,,0,1,1
1102,,3,32.0,0,0,23.0,S,,male,,,0,1,1
1103,,3,,0,0,7.0,S,,male,,,1,1,1
1104,,2,17.0,0,0,74.0,S,,male,,,0,1,1
1105,,2,60.0,1,0,26.0,S,,female,,,0,4,2
1106,,3,38.0,4,2,8.0,S,,female,,,0,3,7
1107,,1,42.0,0,0,42.0,S,,male,B,11,0,1,1
1108,,3,,0,0,8.0,Q,,female,,,1,3,1
1109,,1,57.0,1,1,165.0,S,,male,,,0,1,3
1110,,1,50.0,1,1,212.0,C,,female,C,80,0,4,3
1111,,3,,0,0,8.0,S,,male,,,1,1,1
1112,,2,30.0,1,0,14.0,C,,female,,,0,3,2
1113,,3,21.0,0,0,8.0,S,,male,,,0,1,1
1114,,2,22.0,0,0,10.0,S,,female,F,33,0,4,1
1115,,3,21.0,0,0,8.0,S,,male,,,0,1,1
1116,,1,53.0,0,0,27.0,C,,female,,,0,4,1
1117,,3,,0,2,15.0,C,,female,,,1,4,3
1118,,3,23.0,0,0,8.0,S,,male,,,0,1,1
1119,,3,,0,0,8.0,Q,,female,,,1,3,1
1120,,3,40.0,0,0,15.0,S,,male,,,0,1,1
1121,,2,36.0,0,0,13.0,S,,male,,,0,1,1
1122,,2,14.0,0,0,65.0,S,,male,,,0,1,1
1123,,1,21.0,0,0,27.0,S,,female,,,0,3,1
1124,,3,21.0,1,0,6.0,S,,male,,,0,1,2
1125,,3,,0,0,8.0,Q,,male,,,1,1,1
1126,,1,39.0,1,0,71.0,C,,male,C,85,0,1,2
1127,,3,20.0,0,0,8.0,S,,male,,,0,1,1
1128,,1,64.0,1,0,75.0,C,,male,D,37,0,1,2
1129,,3,20.0,0,0,7.0,C,,male,,,0,1,1
1130,,2,18.0,1,1,13.0,S,,female,,,0,3,3
1131,,1,48.0,1,0,106.0,C,,female,C,86,0,4,2
1132,,1,55.0,0,0,28.0,C,,female,,,0,4,1
1133,,2,45.0,0,2,30.0,S,,female,,,0,4,3
1134,,1,45.0,1,1,134.0,C,,male,E,34,0,1,3
1135,,3,,0,0,8.0,S,,male,,,1,1,1
1136,,3,,1,2,23.0,S,,male,,,1,2,4
1137,,1,41.0,1,0,52.0,S,,male,D,21,0,1,2
1138,,2,22.0,0,0,21.0,S,,female,,,0,4,1
1139,,2,42.0,1,1,32.0,S,,male,,,0,1,3
1140,,2,29.0,1,0,26.0,S,,female,,,0,4,2
1141,,3,,1,0,14.0,C,,female,,,1,4,2
1142,,2,1.0,1,2,28.0,S,,female,,,0,3,4
1143,,3,20.0,0,0,8.0,S,,male,,,0,1,1
1144,,1,27.0,1,0,137.0,C,,male,C,89,0,1,2
1145,,3,24.0,0,0,9.0,S,,male,,,0,1,1
1146,,3,32.0,0,0,10.0,S,,male,,,0,1,1
1147,,3,,0,0,8.0,S,,male,,,1,1,1
1148,,3,,0,0,8.0,Q,,male,,,1,1,1
1149,,3,28.0,0,0,8.0,S,,male,,,0,1,1
1150,,2,19.0,0,0,13.0,S,,female,,,0,3,1
1151,,3,21.0,0,0,8.0,S,,male,,,0,1,1
1152,,3,36.0,1,0,17.0,S,,male,,,0,1,2
1153,,3,21.0,0,0,8.0,S,,male,,,0,1,1
1154,,2,29.0,0,2,23.0,S,,female,,,0,4,3
1155,,3,1.0,1,1,12.0,S,,female,,,0,3,3
1156,,2,30.0,0,0,13.0,C,,male,,,0,1,1
1157,,3,,0,0,8.0,S,,male,,,1,1,1
1158,,1,,0,0,0.0,S,,male,,,1,1,1
1159,,3,,0,0,8.0,S,,male,,,1,1,1
1160,,3,,0,0,8.0,S,,female,,,1,3,1
1161,,3,17.0,0,0,9.0,S,,male,,,0,1,1
1162,,1,46.0,0,0,75.0,C,,male,C,6,0,1,1
1163,,3,,0,0,8.0,Q,,male,,,1,1,1
1164,,1,26.0,1,0,137.0,C,,female,C,89,0,4,2
1165,,3,,1,0,16.0,Q,,female,,,1,3,2
1166,,3,,0,0,7.0,C,,male,,,1,1,1
1167,,2,20.0,1,0,26.0,S,,female,,,0,3,2
1168,,2,28.0,0,0,10.0,S,,male,,,0,1,1
1169,,2,40.0,1,0,26.0,S,,male,,,0,1,2
1170,,2,30.0,1,0,21.0,S,,male,,,0,1,2
1171,,2,22.0,0,0,10.0,S,,male,,,0,1,1
1172,,3,23.0,0,0,9.0,S,,female,,,0,3,1
1173,,3,1.0,1,1,14.0,S,,male,,,0,2,3
1174,,3,,0,0,8.0,Q,,female,,,1,3,1
1175,,3,9.0,1,1,15.0,C,,female,,,0,3,3
1176,,3,2.0,1,1,20.0,S,,female,,,0,3,3
1177,,3,36.0,0,0,7.0,S,,male,,,0,1,1
1178,,3,,0,0,7.0,S,,male,,,1,1,1
1179,,1,24.0,1,0,82.0,S,,male,B,45,0,1,2
1180,,3,,0,0,7.0,C,,male,F,,1,1,1
1181,,3,,0,0,8.0,S,,male,,,1,1,1
1182,,1,,0,0,40.0,S,,male,,,1,1,1
1183,,3,30.0,0,0,7.0,Q,,female,,,0,3,1
1184,,3,,0,0,7.0,C,,male,,,1,1,1
1185,,1,53.0,1,1,82.0,S,,male,A,34,0,6,3
1186,,3,36.0,0,0,10.0,S,,male,,,0,1,1
1187,,3,26.0,0,0,8.0,S,,male,,,0,1,1
1188,,2,1.0,1,2,42.0,C,,female,,,0,3,4
1189,,3,,2,0,22.0,C,,male,,,1,1,3
1190,,1,30.0,0,0,46.0,S,,male,,,0,1,1
1191,,3,29.0,0,0,8.0,S,,male,,,0,1,1
1192,,3,32.0,0,0,8.0,S,,male,,,0,1,1
1193,,2,,0,0,15.0,C,,male,D,,1,1,1
1194,,2,43.0,0,1,21.0,S,,male,,,0,1,2
1195,,3,24.0,0,0,9.0,S,,male,,,0,1,1
1196,,3,,0,0,8.0,Q,,female,,,1,3,1
1197,,1,64.0,1,1,27.0,S,,female,B,26,0,4,3
1198,,1,30.0,1,2,152.0,S,,male,C,22,0,1,4
1199,,3,1.0,0,1,9.0,S,,male,,,0,2,2
1200,,1,55.0,1,1,94.0,S,,male,B,69,0,1,3
1201,,3,45.0,1,0,14.0,S,,female,,,0,4,2
1202,,3,18.0,0,0,9.0,S,,male,,,0,1,1
1203,,3,22.0,0,0,7.0,C,,male,,,0,1,1
1204,,3,,0,0,8.0,S,,male,,,1,1,1
1205,,3,37.0,0,0,8.0,Q,,female,,,0,3,1
1206,,1,55.0,0,0,136.0,C,,female,C,32,0,4,1
1207,,3,17.0,0,0,8.0,Q,,female,,,0,3,1
1208,,1,57.0,1,0,147.0,C,,male,B,78,0,1,2
1209,,2,19.0,0,0,10.0,S,,male,,,0,1,1
1210,,3,27.0,0,0,8.0,S,,male,,,0,1,1
1211,,2,22.0,2,0,32.0,S,,male,,,0,1,3
1212,,3,26.0,0,0,8.0,S,,male,,,0,1,1
1213,,3,25.0,0,0,7.0,C,,male,F,,0,1,1
1214,,2,26.0,0,0,13.0,S,,male,F,2,0,1,1
1215,,1,33.0,0,0,27.0,S,,male,,,0,1,1
1216,,1,39.0,0,0,211.0,S,,female,,,0,3,1
1217,,3,23.0,0,0,7.0,S,,male,,,0,1,1
1218,,2,12.0,2,1,39.0,S,,female,F,4,0,3,4
1219,,1,46.0,0,0,79.0,C,,male,,,0,1,1
1220,,2,29.0,1,0,26.0,S,,male,,,0,1,2
1221,,2,21.0,0,0,13.0,S,,male,,,0,1,1
1222,,2,48.0,0,2,37.0,S,,female,,,0,4,3
1223,,1,39.0,0,0,30.0,C,,male,A,18,0,1,1
1224,,3,,0,0,7.0,C,,male,,,1,1,1
1225,,3,19.0,1,1,16.0,C,,female,,,0,4,3
1226,,3,27.0,0,0,8.0,S,,male,,,0,1,1
1227,,1,30.0,0,0,26.0,S,,male,C,106,0,1,1
1228,,2,32.0,0,0,13.0,S,,male,,,0,1,1
1229,,3,39.0,0,2,7.0,C,,male,,,0,1,3
1230,,2,25.0,0,0,32.0,S,,male,,,0,1,1
1231,,3,,0,0,7.0,C,,male,,,1,2,1
1232,,2,18.0,0,0,10.0,S,,male,,,0,1,1
1233,,3,32.0,0,0,8.0,S,,male,,,0,1,1
1234,,3,,1,9,70.0,S,,male,,,1,1,11
1235,,1,58.0,0,1,512.0,C,,female,B,51,0,4,2
1236,,3,,1,1,14.0,S,,male,,,1,2,3
1237,,3,16.0,0,0,8.0,S,,female,,,0,3,1
1238,,2,26.0,0,0,13.0,S,,male,,,0,1,1
1239,,3,38.0,0,0,7.0,C,,female,,,0,4,1
1240,,2,24.0,0,0,14.0,S,,male,,,0,1,1
1241,,2,31.0,0,0,21.0,S,,female,,,0,3,1
1242,,1,45.0,0,1,63.0,C,,female,D,10,0,4,2
1243,,2,25.0,0,0,10.0,S,,male,,,0,1,1
1244,,2,18.0,0,0,74.0,S,,male,,,0,1,1
1245,,2,49.0,1,2,65.0,S,,male,,,0,1,4
1246,,3,0.0,1,2,21.0,S,,female,,,0,3,4
1247,,1,50.0,0,0,26.0,S,,male,E,60,0,1,1
1248,,1,59.0,2,0,51.0,S,,female,C,101,0,4,3
1249,,3,,0,0,8.0,S,,male,,,1,1,1
1250,,3,,0,0,8.0,Q,,male,,,1,1,1
1251,,3,30.0,1,0,16.0,S,,female,,,0,4,2
1252,,3,14.0,8,2,70.0,S,,male,,,0,2,11
1253,,2,24.0,1,1,37.0,C,,female,,,0,4,3
1254,,2,31.0,0,0,21.0,S,,female,,,0,4,1
1255,,3,27.0,0,0,9.0,S,,male,,,0,1,1
1256,,1,25.0,1,0,55.0,C,,female,E,50,0,4,2
1257,,3,,1,9,70.0,S,,female,,,1,4,11
1258,,3,,1,0,14.0,C,,male,,,1,1,2
1259,,3,22.0,0,0,40.0,S,,female,,,0,3,1
1260,,1,45.0,0,1,59.0,C,,female,,,0,4,2
1261,,2,29.0,0,0,14.0,C,,male,,,0,1,1
1262,,2,21.0,1,0,12.0,S,,male,,,0,1,2
1263,,1,31.0,0,0,134.0,C,,female,E,39,0,3,1
1264,,1,49.0,0,0,0.0,S,,male,B,52,0,1,1
1265,,2,44.0,0,0,13.0,S,,male,,,0,1,1
1266,,1,54.0,1,1,82.0,S,,female,A,34,0,4,3
1267,,1,45.0,0,0,262.0,C,,female,,,0,3,1
1268,,3,22.0,2,0,9.0,S,,female,,,0,3,3
1269,,2,21.0,0,0,12.0,S,,male,,,0,1,1
1270,,1,55.0,0,0,50.0,S,,male,C,39,0,1,1
1271,,3,5.0,4,2,31.0,S,,male,,,0,2,7
1272,,3,,0,0,8.0,Q,,male,,,1,1,1
1273,,3,26.0,0,0,8.0,Q,,male,,,0,1,1
1274,,3,,0,0,14.0,S,,female,,,1,4,1
1275,,3,19.0,1,0,16.0,S,,female,,,0,4,2
1276,,2,,0,0,13.0,S,,male,,,1,1,1
1277,,2,24.0,1,2,65.0,S,,female,,,0,3,4
1278,,3,24.0,0,0,8.0,S,,male,,,0,1,1
1279,,2,57.0,0,0,13.0,S,,male,,,0,1,1
1280,,3,21.0,0,0,8.0,Q,,male,,,0,1,1
1281,,3,6.0,3,1,21.0,S,,male,,,0,2,5
1282,,1,23.0,0,0,94.0,S,,male,B,24,0,1,1
1283,,1,51.0,0,1,39.0,S,,female,D,28,0,4,2
1284,,3,13.0,0,2,20.0,S,,male,,,0,2,3
1285,,2,47.0,0,0,10.0,S,,male,,,0,1,1
1286,,3,29.0,3,1,22.0,S,,male,,,0,1,5
1287,,1,18.0,1,0,60.0,S,,female,C,31,0,4,2
1288,,3,24.0,0,0,7.0,Q,,male,,,0,1,1
1289,,1,48.0,1,1,79.0,C,,female,B,41,0,4,3
1290,,3,22.0,0,0,8.0,S,,male,,,0,1,1
1291,,3,31.0,0,0,8.0,Q,,male,,,0,1,1
1292,,1,30.0,0,0,165.0,S,,female,C,7,0,3,1
1293,,2,38.0,1,0,21.0,S,,male,,,0,1,2
1294,,1,22.0,0,1,59.0,C,,female,,,0,3,2
1295,,1,17.0,0,0,47.0,S,,male,,,0,1,1
1296,,1,43.0,1,0,28.0,C,,male,D,40,0,1,2
1297,,2,20.0,0,0,14.0,C,,male,D,38,0,1,1
1298,,2,23.0,1,0,10.0,S,,male,,,0,1,2
1299,,1,50.0,1,1,212.0,C,,male,C,80,0,1,3
1300,,3,,0,0,8.0,Q,,female,,,1,3,1
1301,,3,3.0,1,1,14.0,S,,female,,,0,3,3
1302,,3,,0,0,8.0,Q,,female,,,1,3,1
1303,,1,37.0,1,0,90.0,Q,,female,C,78,0,4,2
1304,,3,28.0,0,0,8.0,S,,female,,,0,3,1
1305,,3,,0,0,8.0,S,,male,,,1,1,1
1306,,1,39.0,0,0,109.0,C,,female,C,105,0,5,1
1307,,3,38.0,0,0,7.0,S,,male,,,0,1,1
1308,,3,,0,0,8.0,S,,male,,,1,1,1
1309,,3,,1,1,22.0,C,,male,,,1,2,3
