PassengerId,Survived,Pclass,SibSp,Parch,Fare,Survived2,Sex,Deck,Seat,MV_Age,Title,Family_Size,MV_Deck,Embarked,Age2,Age3
1,0.0,3,1,0,7.0,Died,male,M,6,0,1,2,1,S,22.0,22.0
2,1.0,1,1,0,71.0,Survived,female,C,85,0,4,2,0,C,38.0,38.0
3,1.0,3,0,0,8.0,Survived,female,M,6,0,3,1,1,S,26.0,26.0
4,1.0,1,1,0,53.0,Survived,female,C,123,0,4,2,0,S,35.0,35.0
5,0.0,3,0,0,8.0,Died,male,M,6,0,1,1,1,S,35.0,35.0
6,0.0,3,0,0,8.0,Died,male,M,6,1,1,1,1,Q,28.0,28.0
7,0.0,1,0,0,52.0,Died,male,E,46,0,1,1,0,S,54.0,54.0
8,0.0,3,3,1,21.0,Died,male,M,6,0,2,5,1,S,2.0,2.0
9,1.0,3,0,2,11.0,Survived,female,M,6,0,4,3,1,S,27.0,27.0
10,1.0,2,1,0,30.0,Survived,female,M,6,0,4,2,1,C,14.0,14.0
11,1.0,3,1,1,17.0,Survived,female,G,6,0,3,3,0,S,4.0,4.0
12,1.0,1,0,0,27.0,Survived,female,C,103,0,3,1,0,S,58.0,58.0
13,0.0,3,0,0,8.0,Died,male,M,6,0,1,1,1,S,20.0,20.0
14,0.0,3,1,5,31.0,Died,male,M,6,0,1,7,1,S,39.0,39.0
15,0.0,3,0,0,8.0,Died,female,M,6,0,3,1,1,S,14.0,14.0
16,1.0,2,0,0,16.0,Survived,female,M,6,0,4,1,1,S,55.0,55.0
17,0.0,3,4,1,29.0,Died,male,M,6,0,2,6,1,Q,2.0,2.0
18,1.0,2,0,0,13.0,Survived,male,M,6,1,1,1,1,S,28.0,28.0
19,0.0,3,1,0,18.0,Died,female,M,6,0,4,2,1,S,31.0,31.0
20,1.0,3,0,0,7.0,Survived,female,M,6,1,4,1,1,C,28.0,27.0
21,0.0,2,0,0,26.0,Died,male,M,6,0,1,1,1,S,35.0,35.0
22,1.0,2,0,0,13.0,Survived,male,D,56,0,1,1,0,S,34.0,34.0
23,1.0,3,0,0,8.0,Survived,female,M,6,0,3,1,1,Q,15.0,15.0
24,1.0,1,0,0,36.0,Survived,male,A,6,0,1,1,0,S,28.0,28.0
25,0.0,3,3,1,21.0,Died,female,M,6,0,3,5,1,S,8.0,8.0
26,1.0,3,1,5,31.0,Survived,female,M,6,0,4,7,1,S,38.0,38.0
27,0.0,3,0,0,7.0,Died,male,M,6,1,1,1,1,C,28.0,28.0
28,0.0,1,3,2,263.0,Died,male,C,23,0,1,6,0,S,19.0,19.0
29,1.0,3,0,0,8.0,Survived,female,M,6,1,3,1,1,Q,28.0,27.0
30,0.0,3,0,0,8.0,Died,male,M,6,1,1,1,1,S,28.0,28.0
31,0.0,1,0,0,28.0,Died,male,M,6,0,5,1,1,C,40.0,40.0
32,1.0,1,1,0,147.0,Survived,female,B,78,1,4,2,0,C,28.0,27.0
33,1.0,3,0,0,8.0,Survived,female,M,6,1,3,1,1,Q,28.0,27.0
34,0.0,2,0,0,10.0,Died,male,M,6,0,1,1,1,S,66.0,66.0
35,0.0,1,1,0,82.0,Died,male,M,6,0,1,2,1,C,28.0,28.0
36,0.0,1,1,0,52.0,Died,male,M,6,0,1,2,1,S,42.0,42.0
37,1.0,3,0,0,7.0,Survived,male,M,6,1,1,1,1,C,28.0,28.0
38,0.0,3,0,0,8.0,Died,male,M,6,0,1,1,1,S,21.0,21.0
39,0.0,3,2,0,18.0,Died,female,M,6,0,3,3,1,S,18.0,18.0
40,1.0,3,1,0,11.0,Survived,female,M,6,0,3,2,1,C,14.0,14.0
41,0.0,3,1,0,9.0,Died,female,M,6,0,4,2,1,S,40.0,40.0
42,0.0,2,1,0,21.0,Died,female,M,6,0,4,2,1,S,27.0,27.0
43,0.0,3,0,0,8.0,Died,male,M,6,1,1,1,1,C,28.0,28.0
44,1.0,2,1,2,42.0,Survived,female,M,6,0,3,4,1,C,3.0,3.0
45,1.0,3,0,0,8.0,Survived,female,M,6,0,3,1,1,Q,19.0,19.0
46,0.0,3,0,0,8.0,Died,male,M,6,1,1,1,1,S,28.0,28.0
47,0.0,3,1,0,16.0,Died,male,M,6,1,1,2,1,Q,28.0,28.0
48,1.0,3,0,0,8.0,Survived,female,M,6,1,3,1,1,Q,28.0,27.0
49,0.0,3,2,0,22.0,Died,male,M,6,1,1,3,1,C,28.0,28.0
50,0.0,3,1,0,18.0,Died,female,M,6,0,4,2,1,S,18.0,18.0
51,0.0,3,4,1,40.0,Died,male,M,6,0,2,6,1,S,7.0,7.0
52,0.0,3,0,0,8.0,Died,male,M,6,0,1,1,1,S,21.0,21.0
53,1.0,1,1,0,77.0,Survived,female,D,33,0,4,2,0,C,49.0,49.0
54,1.0,2,1,0,26.0,Survived,female,M,6,0,4,2,1,S,29.0,29.0
55,0.0,1,0,1,62.0,Died,male,B,30,0,1,2,0,C,65.0,65.0
56,1.0,1,0,0,36.0,Survived,male,C,52,1,1,1,0,S,28.0,28.0
57,1.0,2,0,0,10.0,Survived,female,M,6,0,3,1,1,S,21.0,21.0
58,0.0,3,0,0,7.0,Died,male,M,6,0,1,1,1,C,28.0,28.0
59,1.0,2,1,2,28.0,Survived,female,M,6,0,3,4,1,S,5.0,5.0
60,0.0,3,5,2,47.0,Died,male,M,6,0,2,8,1,S,11.0,11.0
61,0.0,3,0,0,7.0,Died,male,M,6,0,1,1,1,C,22.0,22.0
62,1.0,1,0,0,80.0,Survived,female,B,28,0,3,1,0,S,38.0,38.0
63,0.0,1,1,0,83.0,Died,male,C,83,0,1,2,0,S,45.0,45.0
64,0.0,3,3,2,28.0,Died,male,M,6,0,2,6,1,S,4.0,4.0
65,0.0,1,0,0,28.0,Died,male,M,6,1,1,1,1,C,28.0,28.0
66,1.0,3,1,1,15.0,Survived,male,M,6,1,2,3,1,C,28.0,28.0
67,1.0,2,0,0,10.0,Survived,female,F,33,0,4,1,0,S,29.0,29.0
68,0.0,3,0,0,8.0,Died,male,M,6,0,1,1,1,S,19.0,19.0
69,1.0,3,4,2,8.0,Survived,female,M,6,0,3,7,1,S,17.0,17.0
70,0.0,3,2,0,9.0,Died,male,M,6,0,1,3,1,S,26.0,26.0
71,0.0,2,0,0,10.0,Died,male,M,6,0,1,1,1,S,32.0,32.0
72,0.0,3,5,2,47.0,Died,female,M,6,0,3,8,1,S,16.0,16.0
73,0.0,2,0,0,74.0,Died,male,M,6,0,1,1,1,S,21.0,21.0
74,0.0,3,1,0,14.0,Died,male,M,6,0,1,2,1,C,26.0,26.0
75,1.0,3,0,0,56.0,Survived,male,M,6,0,1,1,1,S,32.0,32.0
76,0.0,3,0,0,8.0,Died,male,F,6,0,1,1,0,S,25.0,25.0
77,0.0,3,0,0,8.0,Died,male,M,6,1,1,1,1,S,28.0,28.0
78,0.0,3,0,0,8.0,Died,male,M,6,1,1,1,1,S,28.0,28.0
79,1.0,2,0,2,29.0,Survived,male,M,6,0,2,3,1,S,1.0,1.0
80,1.0,3,0,0,12.0,Survived,female,M,6,0,3,1,1,S,30.0,30.0
81,0.0,3,0,0,9.0,Died,male,M,6,0,1,1,1,S,22.0,22.0
82,1.0,3,0,0,10.0,Survived,male,M,6,0,1,1,1,S,29.0,29.0
83,1.0,3,0,0,8.0,Survived,female,M,6,1,3,1,1,Q,28.0,27.0
84,0.0,1,0,0,47.0,Died,male,M,6,0,1,1,1,S,28.0,28.0
85,1.0,2,0,0,10.0,Survived,female,M,6,0,3,1,1,S,17.0,17.0
86,1.0,3,3,0,16.0,Survived,female,M,6,0,4,4,1,S,33.0,33.0
87,0.0,3,1,3,34.0,Died,male,M,6,0,1,5,1,S,16.0,16.0
88,0.0,3,0,0,8.0,Died,male,M,6,1,1,1,1,S,28.0,28.0
89,1.0,1,3,2,263.0,Survived,female,C,23,0,3,6,0,S,23.0,23.0
90,0.0,3,0,0,8.0,Died,male,M,6,0,1,1,1,S,24.0,24.0
91,0.0,3,0,0,8.0,Died,male,M,6,0,1,1,1,S,29.0,29.0
92,0.0,3,0,0,8.0,Died,male,M,6,0,1,1,1,S,20.0,20.0
93,0.0,1,1,0,61.0,Died,male,E,31,0,1,2,0,S,46.0,46.0
94,0.0,3,1,2,21.0,Died,male,M,6,0,1,4,1,S,26.0,26.0
95,0.0,3,0,0,7.0,Died,male,M,6,0,1,1,1,S,59.0,59.0
96,0.0,3,0,0,8.0,Died,male,M,6,1,1,1,1,S,28.0,28.0
97,0.0,1,0,0,35.0,Died,male,A,5,0,1,1,0,C,71.0,71.0
98,1.0,1,0,1,63.0,Survived,male,D,10,0,1,2,0,C,23.0,23.0
99,1.0,2,0,1,23.0,Survived,female,M,6,0,4,2,1,S,34.0,34.0
100,0.0,2,1,0,26.0,Died,male,M,6,0,1,2,1,S,34.0,34.0
101,0.0,3,0,0,8.0,Died,female,M,6,0,3,1,1,S,28.0,28.0
102,0.0,3,0,0,8.0,Died,male,M,6,1,1,1,1,S,28.0,28.0
103,0.0,1,0,1,77.0,Died,male,D,26,0,1,2,0,S,21.0,21.0
104,0.0,3,0,0,9.0,Died,male,M,6,0,1,1,1,S,33.0,33.0
105,0.0,3,2,0,8.0,Died,male,M,6,0,1,3,1,S,37.0,37.0
106,0.0,3,0,0,8.0,Died,male,M,6,0,1,1,1,S,28.0,28.0
107,1.0,3,0,0,8.0,Survived,female,M,6,0,3,1,1,S,21.0,21.0
108,1.0,3,0,0,8.0,Survived,male,M,6,1,1,1,1,S,28.0,28.0
109,0.0,3,0,0,8.0,Died,male,M,6,0,1,1,1,S,38.0,38.0
110,1.0,3,1,0,24.0,Survived,female,M,6,1,3,2,1,Q,28.0,27.0
111,0.0,1,0,0,52.0,Died,male,C,110,0,1,1,0,S,47.0,47.0
112,0.0,3,1,0,14.0,Died,female,M,6,0,3,2,1,C,14.0,14.0
113,0.0,3,0,0,8.0,Died,male,M,6,0,1,1,1,S,22.0,22.0
114,0.0,3,1,0,10.0,Died,female,M,6,0,3,2,1,S,20.0,20.0
115,0.0,3,0,0,14.0,Died,female,M,6,0,3,1,1,C,17.0,17.0
116,0.0,3,0,0,8.0,Died,male,M,6,0,1,1,1,S,21.0,21.0
117,0.0,3,0,0,8.0,Died,male,M,6,0,1,1,1,Q,70.0,70.0
118,0.0,2,1,0,21.0,Died,male,M,6,0,1,2,1,S,29.0,29.0
119,0.0,1,0,1,248.0,Died,male,B,58,0,1,2,0,C,24.0,24.0
120,0.0,3,4,2,31.0,Died,female,M,6,0,3,7,1,S,2.0,2.0
121,0.0,2,2,0,74.0,Died,male,M,6,0,1,3,1,S,21.0,21.0
122,0.0,3,0,0,8.0,Died,male,M,6,1,1,1,1,S,28.0,28.0
123,0.0,2,1,0,30.0,Died,male,M,6,0,1,2,1,C,32.0,32.0
124,1.0,2,0,0,13.0,Survived,female,E,101,0,3,1,0,S,32.0,32.0
125,0.0,1,0,1,77.0,Died,male,D,26,0,1,2,0,S,54.0,54.0
126,1.0,3,1,0,11.0,Survived,male,M,6,0,2,2,1,C,12.0,12.0
127,0.0,3,0,0,8.0,Died,male,M,6,1,1,1,1,Q,28.0,28.0
128,1.0,3,0,0,7.0,Survived,male,M,6,0,1,1,1,S,24.0,24.0
129,1.0,3,1,1,22.0,Survived,female,F,6,1,3,3,0,C,28.0,27.0
130,0.0,3,0,0,7.0,Died,male,M,6,0,1,1,1,S,45.0,45.0
131,0.0,3,0,0,8.0,Died,male,M,6,0,1,1,1,C,33.0,33.0
132,0.0,3,0,0,7.0,Died,male,M,6,0,1,1,1,S,20.0,20.0
133,0.0,3,1,0,14.0,Died,female,M,6,0,4,2,1,S,47.0,47.0
134,1.0,2,1,0,26.0,Survived,female,M,6,0,4,2,1,S,29.0,29.0
135,0.0,2,0,0,13.0,Died,male,M,6,0,1,1,1,S,25.0,25.0
136,0.0,2,0,0,15.0,Died,male,M,6,0,1,1,1,C,23.0,23.0
137,1.0,1,0,2,26.0,Survived,female,D,47,0,3,3,0,S,19.0,19.0
138,0.0,1,1,0,53.0,Died,male,C,123,0,1,2,0,S,37.0,37.0
139,0.0,3,0,0,9.0,Died,male,M,6,0,1,1,1,S,16.0,16.0
140,0.0,1,0,0,79.0,Died,male,B,86,0,1,1,0,C,24.0,24.0
141,0.0,3,0,2,15.0,Died,female,M,6,1,4,3,1,C,28.0,27.0
142,1.0,3,0,0,8.0,Survived,female,M,6,0,3,1,1,S,22.0,22.0
143,1.0,3,1,0,16.0,Survived,female,M,6,0,4,2,1,S,24.0,24.0
144,0.0,3,0,0,7.0,Died,male,M,6,0,1,1,1,Q,19.0,19.0
145,0.0,2,0,0,12.0,Died,male,M,6,0,1,1,1,S,18.0,18.0
146,0.0,2,1,1,37.0,Died,male,M,6,0,1,3,1,S,19.0,19.0
147,1.0,3,0,0,8.0,Survived,male,M,6,0,1,1,1,S,27.0,27.0
148,0.0,3,2,2,34.0,Died,female,M,6,0,3,5,1,S,9.0,9.0
149,0.0,2,0,2,26.0,Died,male,F,2,0,1,3,0,S,36.0,36.0
150,0.0,2,0,0,13.0,Died,male,M,6,0,6,1,1,S,42.0,42.0
151,0.0,2,0,0,13.0,Died,male,M,6,0,6,1,1,S,51.0,51.0
152,1.0,1,1,0,67.0,Survived,female,C,2,0,4,2,0,S,22.0,22.0
153,0.0,3,0,0,8.0,Died,male,M,6,0,1,1,1,S,56.0,56.0
154,0.0,3,0,2,14.0,Died,male,M,6,0,1,3,1,S,40.0,40.0
155,0.0,3,0,0,7.0,Died,male,M,6,1,1,1,1,S,28.0,28.0
156,0.0,1,0,1,61.0,Died,male,M,6,0,1,2,1,C,51.0,51.0
157,1.0,3,0,0,8.0,Survived,female,M,6,0,3,1,1,Q,16.0,16.0
158,0.0,3,0,0,8.0,Died,male,M,6,0,1,1,1,S,30.0,30.0
159,0.0,3,0,0,9.0,Died,male,M,6,1,1,1,1,S,28.0,28.0
160,0.0,3,8,2,70.0,Died,male,M,6,1,2,11,1,S,28.0,28.0
161,0.0,3,0,1,16.0,Died,male,M,6,0,1,2,1,S,44.0,44.0
162,1.0,2,0,0,16.0,Survived,female,M,6,0,4,1,1,S,40.0,40.0
163,0.0,3,0,0,8.0,Died,male,M,6,0,1,1,1,S,26.0,26.0
164,0.0,3,0,0,9.0,Died,male,M,6,0,1,1,1,S,17.0,17.0
165,0.0,3,4,1,40.0,Died,male,M,6,0,2,6,1,S,1.0,1.0
166,1.0,3,0,2,21.0,Survived,male,M,6,0,2,3,1,S,9.0,9.0
167,1.0,1,0,1,55.0,Survived,female,E,33,1,4,2,0,S,28.0,27.0
168,0.0,3,1,4,28.0,Died,female,M,6,0,4,6,1,S,45.0,45.0
169,0.0,1,0,0,26.0,Died,male,M,6,1,1,1,1,S,28.0,28.0
170,0.0,3,0,0,56.0,Died,male,M,6,0,1,1,1,S,28.0,28.0
171,0.0,1,0,0,34.0,Died,male,B,19,0,1,1,0,S,61.0,61.0
172,0.0,3,4,1,29.0,Died,male,M,6,0,2,6,1,Q,4.0,4.0
173,1.0,3,1,1,11.0,Survived,female,M,6,0,3,3,1,S,1.0,1.0
174,0.0,3,0,0,8.0,Died,male,M,6,0,1,1,1,S,21.0,21.0
175,0.0,1,0,0,31.0,Died,male,A,7,0,1,1,0,C,56.0,56.0
176,0.0,3,1,1,8.0,Died,male,M,6,0,1,3,1,S,18.0,18.0
177,0.0,3,3,1,25.0,Died,male,M,6,1,2,5,1,S,28.0,28.0
178,0.0,1,0,0,29.0,Died,female,C,49,0,3,1,0,C,50.0,50.0
179,0.0,2,0,0,13.0,Died,male,M,6,0,1,1,1,S,30.0,30.0
180,0.0,3,0,0,0.0,Died,male,M,6,0,1,1,1,S,36.0,36.0
181,0.0,3,8,2,70.0,Died,female,M,6,1,3,11,1,S,28.0,27.0
182,0.0,2,0,0,15.0,Died,male,M,6,1,1,1,1,C,28.0,28.0
183,0.0,3,4,2,31.0,Died,male,M,6,0,2,7,1,S,9.0,9.0
184,1.0,2,2,1,39.0,Survived,male,F,4,0,2,4,0,S,1.0,1.0
185,1.0,3,0,2,22.0,Survived,female,M,6,0,3,3,1,S,4.0,4.0
186,0.0,1,0,0,50.0,Died,male,A,32,1,1,1,0,S,28.0,28.0
187,1.0,3,1,0,16.0,Survived,female,M,6,1,4,2,1,Q,28.0,27.0
188,1.0,1,0,0,27.0,Survived,male,M,6,0,1,1,1,S,45.0,45.0
189,0.0,3,1,1,16.0,Died,male,M,6,0,1,3,1,Q,40.0,40.0
190,0.0,3,0,0,8.0,Died,male,M,6,0,1,1,1,S,36.0,36.0
191,1.0,2,0,0,13.0,Survived,female,M,6,0,4,1,1,S,32.0,32.0
192,0.0,2,0,0,13.0,Died,male,M,6,0,1,1,1,S,19.0,19.0
193,1.0,3,1,0,8.0,Survived,female,M,6,0,3,2,1,S,19.0,19.0
194,1.0,2,1,1,26.0,Survived,male,F,2,0,2,3,0,S,3.0,3.0
195,1.0,1,0,0,28.0,Survived,female,B,4,0,4,1,0,C,44.0,44.0
196,1.0,1,0,0,147.0,Survived,female,B,80,0,3,1,0,C,58.0,58.0
197,0.0,3,0,0,8.0,Died,male,M,6,1,1,1,1,Q,28.0,28.0
198,0.0,3,0,1,8.0,Died,male,M,6,0,1,2,1,S,42.0,42.0
199,1.0,3,0,0,8.0,Survived,female,M,6,1,3,1,1,Q,28.0,27.0
200,0.0,2,0,0,13.0,Died,female,M,6,0,3,1,1,S,24.0,24.0
201,0.0,3,0,0,10.0,Died,male,M,6,0,1,1,1,S,28.0,28.0
202,0.0,3,8,2,70.0,Died,male,M,6,1,1,11,1,S,28.0,28.0
203,0.0,3,0,0,6.0,Died,male,M,6,0,1,1,1,S,34.0,34.0
204,0.0,3,0,0,7.0,Died,male,M,6,0,1,1,1,C,46.0,46.0
205,1.0,3,0,0,8.0,Survived,male,M,6,0,1,1,1,S,18.0,18.0
206,0.0,3,0,1,10.0,Died,female,G,6,0,3,2,0,S,2.0,2.0
207,0.0,3,1,0,16.0,Died,male,M,6,0,1,2,1,S,32.0,32.0
208,1.0,3,0,0,19.0,Survived,male,M,6,0,1,1,1,C,26.0,26.0
209,1.0,3,0,0,8.0,Survived,female,M,6,0,3,1,1,Q,16.0,16.0
210,1.0,1,0,0,31.0,Survived,male,A,31,0,1,1,0,C,40.0,40.0
211,0.0,3,0,0,7.0,Died,male,M,6,0,1,1,1,S,24.0,24.0
212,1.0,2,0,0,21.0,Survived,female,M,6,0,3,1,1,S,35.0,35.0
213,0.0,3,0,0,7.0,Died,male,M,6,0,1,1,1,S,22.0,22.0
214,0.0,2,0,0,13.0,Died,male,M,6,0,1,1,1,S,30.0,30.0
215,0.0,3,1,0,8.0,Died,male,M,6,1,1,2,1,Q,28.0,28.0
216,1.0,1,1,0,113.0,Survived,female,D,36,0,3,2,0,C,31.0,31.0
217,1.0,3,0,0,8.0,Survived,female,M,6,0,3,1,1,S,27.0,27.0
218,0.0,2,1,0,27.0,Died,male,M,6,0,1,2,1,S,42.0,42.0
219,1.0,1,0,0,76.0,Survived,female,D,15,0,3,1,0,C,32.0,32.0
220,0.0,2,0,0,10.0,Died,male,M,6,0,1,1,1,S,30.0,30.0
221,1.0,3,0,0,8.0,Survived,male,M,6,0,1,1,1,S,16.0,16.0
222,0.0,2,0,0,13.0,Died,male,M,6,0,1,1,1,S,27.0,27.0
223,0.0,3,0,0,8.0,Died,male,M,6,0,1,1,1,S,51.0,51.0
224,0.0,3,0,0,8.0,Died,male,M,6,1,1,1,1,S,28.0,28.0
225,1.0,1,1,0,90.0,Survived,male,C,93,0,1,2,0,S,38.0,38.0
226,0.0,3,0,0,9.0,Died,male,M,6,0,1,1,1,S,22.0,22.0
227,1.0,2,0,0,10.0,Survived,male,M,6,0,1,1,1,S,19.0,19.0
228,0.0,3,0,0,7.0,Died,male,M,6,0,1,1,1,S,20.0,20.0
229,0.0,2,0,0,13.0,Died,male,M,6,0,1,1,1,S,18.0,18.0
230,0.0,3,3,1,25.0,Died,female,M,6,1,3,5,1,S,28.0,27.0
231,1.0,1,1,0,83.0,Survived,female,C,83,0,4,2,0,S,35.0,35.0
232,0.0,3,0,0,8.0,Died,male,M,6,0,1,1,1,S,29.0,29.0
233,0.0,2,0,0,14.0,Died,male,M,6,0,1,1,1,S,59.0,59.0
234,1.0,3,4,2,31.0,Survived,female,M,6,0,3,7,1,S,5.0,5.0
235,0.0,2,0,0,10.0,Died,male,M,6,0,1,1,1,S,24.0,24.0
236,0.0,3,0,0,8.0,Died,female,M,6,1,3,1,1,S,28.0,27.0
237,0.0,2,1,0,26.0,Died,male,M,6,0,1,2,1,S,44.0,44.0
238,1.0,2,0,2,26.0,Survived,female,M,6,0,3,3,1,S,8.0,8.0
239,0.0,2,0,0,10.0,Died,male,M,6,0,1,1,1,S,19.0,19.0
240,0.0,2,0,0,12.0,Died,male,M,6,0,1,1,1,S,33.0,33.0
241,0.0,3,1,0,14.0,Died,female,M,6,1,3,2,1,C,28.0,27.0
242,1.0,3,1,0,16.0,Survived,female,M,6,1,3,2,1,Q,28.0,27.0
243,0.0,2,0,0,10.0,Died,male,M,6,0,1,1,1,S,29.0,29.0
244,0.0,3,0,0,7.0,Died,male,M,6,0,1,1,1,S,22.0,22.0
245,0.0,3,0,0,7.0,Died,male,M,6,0,1,1,1,C,30.0,30.0
246,0.0,1,2,0,90.0,Died,male,C,78,0,6,3,0,Q,44.0,44.0
247,0.0,3,0,0,8.0,Died,female,M,6,0,3,1,1,S,25.0,25.0
248,1.0,2,0,2,14.0,Survived,female,M,6,0,4,3,1,S,24.0,24.0
249,1.0,1,1,1,53.0,Survived,male,D,35,0,1,3,0,S,37.0,37.0
250,0.0,2,1,0,26.0,Died,male,M,6,0,6,2,1,S,54.0,54.0
251,0.0,3,0,0,7.0,Died,male,M,6,1,1,1,1,S,28.0,28.0
252,0.0,3,1,1,10.0,Died,female,G,6,0,4,3,0,S,29.0,29.0
253,0.0,1,0,0,27.0,Died,male,C,87,0,1,1,0,S,62.0,62.0
254,0.0,3,1,0,16.0,Died,male,M,6,0,1,2,1,S,30.0,30.0
255,0.0,3,0,2,20.0,Died,female,M,6,0,4,3,1,S,41.0,41.0
256,1.0,3,0,2,15.0,Survived,female,M,6,0,4,3,1,C,29.0,29.0
257,1.0,1,0,0,79.0,Survived,female,M,6,1,4,1,1,C,28.0,27.0
258,1.0,1,0,0,86.0,Survived,female,B,77,0,3,1,0,S,30.0,30.0
259,1.0,1,0,0,512.0,Survived,female,M,6,0,3,1,1,C,35.0,35.0
260,1.0,2,0,1,26.0,Survived,female,M,6,0,4,2,1,S,50.0,50.0
261,0.0,3,0,0,8.0,Died,male,M,6,1,1,1,1,Q,28.0,28.0
262,1.0,3,4,2,31.0,Survived,male,M,6,0,2,7,1,S,3.0,3.0
263,0.0,1,1,1,80.0,Died,male,E,67,0,1,3,0,S,52.0,52.0
264,0.0,1,0,0,0.0,Died,male,B,94,0,1,1,0,S,40.0,40.0
265,0.0,3,0,0,8.0,Died,female,M,6,1,3,1,1,Q,28.0,27.0
266,0.0,2,0,0,10.0,Died,male,M,6,0,1,1,1,S,36.0,36.0
267,0.0,3,4,1,40.0,Died,male,M,6,0,1,6,1,S,16.0,16.0
268,1.0,3,1,0,8.0,Survived,male,M,6,0,1,2,1,S,25.0,25.0
269,1.0,1,0,1,153.0,Survived,female,C,125,0,4,2,0,S,58.0,58.0
270,1.0,1,0,0,136.0,Survived,female,C,99,0,3,1,0,S,35.0,35.0
271,0.0,1,0,0,31.0,Died,male,M,6,1,1,1,1,S,28.0,28.0
272,1.0,3,0,0,0.0,Survived,male,M,6,0,1,1,1,S,25.0,25.0
273,1.0,2,0,1,20.0,Survived,female,M,6,0,4,2,1,S,41.0,41.0
274,0.0,1,0,1,30.0,Died,male,C,118,0,1,2,0,C,37.0,37.0
275,1.0,3,0,0,8.0,Survived,female,M,6,1,3,1,1,Q,28.0,27.0
276,1.0,1,1,0,78.0,Survived,female,D,7,0,3,2,0,S,63.0,63.0
277,0.0,3,0,0,8.0,Died,female,M,6,0,3,1,1,S,45.0,45.0
278,0.0,2,0,0,0.0,Died,male,M,6,1,1,1,1,S,28.0,28.0
279,0.0,3,4,1,29.0,Died,male,M,6,0,2,6,1,Q,7.0,7.0
280,1.0,3,1,1,20.0,Survived,female,M,6,0,4,3,1,S,35.0,35.0
281,0.0,3,0,0,8.0,Died,male,M,6,0,1,1,1,Q,65.0,65.0
282,0.0,3,0,0,8.0,Died,male,M,6,0,1,1,1,S,28.0,28.0
283,0.0,3,0,0,10.0,Died,male,M,6,0,1,1,1,S,16.0,16.0
284,1.0,3,0,0,8.0,Survived,male,M,6,0,1,1,1,S,19.0,19.0
285,0.0,1,0,0,26.0,Died,male,A,19,1,1,1,0,S,28.0,28.0
286,0.0,3,0,0,9.0,Died,male,M,6,0,1,1,1,C,33.0,33.0
287,1.0,3,0,0,10.0,Survived,male,M,6,0,1,1,1,S,30.0,30.0
288,0.0,3,0,0,8.0,Died,male,M,6,0,1,1,1,S,22.0,22.0
289,1.0,2,0,0,13.0,Survived,male,M,6,0,1,1,1,S,42.0,42.0
290,1.0,3,0,0,8.0,Survived,female,M,6,0,3,1,1,Q,22.0,22.0
291,1.0,1,0,0,79.0,Survived,female,M,6,0,3,1,1,S,26.0,26.0
292,1.0,1,1,0,91.0,Survived,female,B,49,0,4,2,0,C,19.0,19.0
293,0.0,2,0,0,13.0,Died,male,D,6,0,1,1,0,C,36.0,36.0
294,0.0,3,0,0,9.0,Died,female,M,6,0,3,1,1,S,24.0,24.0
295,0.0,3,0,0,8.0,Died,male,M,6,0,1,1,1,S,24.0,24.0
296,0.0,1,0,0,28.0,Died,male,M,6,1,1,1,1,C,28.0,28.0
297,0.0,3,0,0,7.0,Died,male,M,6,0,1,1,1,C,24.0,24.0
298,0.0,1,1,2,152.0,Died,female,C,22,0,3,4,0,S,2.0,2.0
299,1.0,1,0,0,30.0,Survived,male,C,106,1,1,1,0,S,28.0,28.0
300,1.0,1,0,1,248.0,Survived,female,B,58,0,4,2,0,C,50.0,50.0
301,1.0,3,0,0,8.0,Survived,female,M,6,1,3,1,1,Q,28.0,27.0
302,1.0,3,2,0,23.0,Survived,male,M,6,1,1,3,1,Q,28.0,28.0
303,0.0,3,0,0,0.0,Died,male,M,6,0,1,1,1,S,19.0,19.0
304,1.0,2,0,0,12.0,Survived,female,E,101,1,3,1,0,Q,28.0,27.0
305,0.0,3,0,0,8.0,Died,male,M,6,1,1,1,1,S,28.0,28.0
306,1.0,1,1,2,152.0,Survived,male,C,22,0,2,4,0,S,1.0,1.0
307,1.0,1,0,0,111.0,Survived,female,M,6,1,3,1,1,C,28.0,27.0
308,1.0,1,1,0,109.0,Survived,female,C,65,0,4,2,0,C,17.0,17.0
309,0.0,2,1,0,24.0,Died,male,M,6,0,1,2,1,C,30.0,30.0
310,1.0,1,0,0,57.0,Survived,female,E,36,0,3,1,0,C,30.0,30.0
311,1.0,1,0,0,83.0,Survived,female,C,54,0,3,1,0,C,24.0,24.0
312,1.0,1,2,2,262.0,Survived,female,B,57,0,3,5,0,C,18.0,18.0
313,0.0,2,1,1,26.0,Died,female,M,6,0,4,3,1,S,26.0,26.0
314,0.0,3,0,0,8.0,Died,male,M,6,0,1,1,1,S,28.0,28.0
315,0.0,2,1,1,26.0,Died,male,M,6,0,1,3,1,S,43.0,43.0
316,1.0,3,0,0,8.0,Survived,female,M,6,0,3,1,1,S,26.0,26.0
317,1.0,2,1,0,26.0,Survived,female,M,6,0,4,2,1,S,24.0,24.0
318,0.0,2,0,0,14.0,Died,male,M,6,0,6,1,1,S,54.0,54.0
319,1.0,1,0,2,165.0,Survived,female,C,7,0,3,3,0,S,31.0,31.0
320,1.0,1,1,1,134.0,Survived,female,E,34,0,4,3,0,C,40.0,40.0
321,0.0,3,0,0,7.0,Died,male,M,6,0,1,1,1,S,22.0,22.0
322,0.0,3,0,0,8.0,Died,male,M,6,0,1,1,1,S,27.0,27.0
323,1.0,2,0,0,12.0,Survived,female,M,6,0,3,1,1,Q,30.0,30.0
324,1.0,2,1,1,29.0,Survived,female,M,6,0,4,3,1,S,22.0,22.0
325,0.0,3,8,2,70.0,Died,male,M,6,1,1,11,1,S,28.0,28.0
326,1.0,1,0,0,136.0,Survived,female,C,32,0,3,1,0,C,36.0,36.0
327,0.0,3,0,0,6.0,Died,male,M,6,0,1,1,1,S,61.0,61.0
328,1.0,2,0,0,13.0,Survived,female,D,6,0,4,1,0,S,36.0,36.0
329,1.0,3,1,1,21.0,Survived,female,M,6,0,4,3,1,S,31.0,31.0
330,1.0,1,0,1,58.0,Survived,female,B,18,0,3,2,0,C,16.0,16.0
331,1.0,3,2,0,23.0,Survived,female,M,6,1,3,3,1,Q,28.0,27.0
332,0.0,1,0,0,28.0,Died,male,C,124,0,1,1,0,S,46.0,46.0
333,0.0,1,0,1,153.0,Died,male,C,91,0,1,2,0,S,38.0,38.0
334,0.0,3,2,0,18.0,Died,male,M,6,0,1,3,1,S,16.0,16.0
335,1.0,1,1,0,134.0,Survived,female,M,6,1,4,2,1,S,28.0,27.0
336,0.0,3,0,0,8.0,Died,male,M,6,1,1,1,1,S,28.0,28.0
337,0.0,1,1,0,67.0,Died,male,C,2,0,1,2,0,S,29.0,29.0
338,1.0,1,0,0,134.0,Survived,female,E,40,0,3,1,0,C,41.0,41.0
339,1.0,3,0,0,8.0,Survived,male,M,6,0,1,1,1,S,45.0,45.0
340,0.0,1,0,0,36.0,Died,male,T,6,0,1,1,0,S,45.0,45.0
341,1.0,2,1,1,26.0,Survived,male,F,2,0,2,3,0,S,2.0,2.0
342,1.0,1,3,2,263.0,Survived,female,C,23,0,3,6,0,S,24.0,24.0
343,0.0,2,0,0,13.0,Died,male,M,6,0,1,1,1,S,28.0,28.0
344,0.0,2,0,0,13.0,Died,male,M,6,0,1,1,1,S,25.0,25.0
345,0.0,2,0,0,13.0,Died,male,M,6,0,1,1,1,S,36.0,36.0
346,1.0,2,0,0,13.0,Survived,female,F,33,0,3,1,0,S,24.0,24.0
347,1.0,2,0,0,13.0,Survived,female,M,6,0,3,1,1,S,40.0,40.0
348,1.0,3,1,0,16.0,Survived,female,M,6,1,4,2,1,S,28.0,27.0
349,1.0,3,1,1,16.0,Survived,male,M,6,0,2,3,1,S,3.0,3.0
350,0.0,3,0,0,9.0,Died,male,M,6,0,1,1,1,S,42.0,42.0
351,0.0,3,0,0,9.0,Died,male,M,6,0,1,1,1,S,23.0,23.0
352,0.0,1,0,0,35.0,Died,male,C,128,1,1,1,0,S,28.0,28.0
353,0.0,3,1,1,7.0,Died,male,M,6,0,1,3,1,C,15.0,15.0
354,0.0,3,1,0,18.0,Died,male,M,6,0,1,2,1,S,25.0,25.0
355,0.0,3,0,0,7.0,Died,male,M,6,1,1,1,1,C,28.0,28.0
356,0.0,3,0,0,10.0,Died,male,M,6,0,1,1,1,S,28.0,28.0
357,1.0,1,0,1,55.0,Survived,female,E,33,0,3,2,0,S,22.0,22.0
358,0.0,2,0,0,13.0,Died,female,M,6,0,3,1,1,S,38.0,38.0
359,1.0,3,0,0,8.0,Survived,female,M,6,1,3,1,1,Q,28.0,27.0
360,1.0,3,0,0,8.0,Survived,female,M,6,1,3,1,1,Q,28.0,27.0
361,0.0,3,1,4,28.0,Died,male,M,6,0,1,6,1,S,40.0,40.0
362,0.0,2,1,0,28.0,Died,male,M,6,0,1,2,1,C,29.0,29.0
363,0.0,3,0,1,14.0,Died,female,M,6,0,4,2,1,C,45.0,45.0
364,0.0,3,0,0,7.0,Died,male,M,6,0,1,1,1,S,35.0,35.0
365,0.0,3,1,0,16.0,Died,male,M,6,1,1,2,1,Q,28.0,28.0
366,0.0,3,0,0,7.0,Died,male,M,6,0,1,1,1,S,30.0,30.0
367,1.0,1,1,0,75.0,Survived,female,D,37,0,4,2,0,C,60.0,60.0
368,1.0,3,0,0,7.0,Survived,female,M,6,1,4,1,1,C,28.0,27.0
369,1.0,3,0,0,8.0,Survived,female,M,6,1,3,1,1,Q,28.0,27.0
370,1.0,1,0,0,69.0,Survived,female,B,35,0,4,1,0,C,24.0,24.0
371,1.0,1,1,0,55.0,Survived,male,E,50,0,1,2,0,C,25.0,25.0
372,0.0,3,1,0,6.0,Died,male,M,6,0,1,2,1,S,18.0,18.0
373,0.0,3,0,0,8.0,Died,male,M,6,0,1,1,1,S,19.0,19.0
374,0.0,1,0,0,136.0,Died,male,M,6,0,1,1,1,C,22.0,22.0
375,0.0,3,3,1,21.0,Died,female,M,6,0,3,5,1,S,3.0,3.0
376,1.0,1,1,0,82.0,Survived,female,M,6,1,4,2,1,C,28.0,27.0
377,1.0,3,0,0,7.0,Survived,female,M,6,0,3,1,1,S,22.0,22.0
378,0.0,1,0,2,212.0,Died,male,C,82,0,1,3,0,C,27.0,27.0
379,0.0,3,0,0,4.0,Died,male,M,6,0,1,1,1,C,20.0,20.0
380,0.0,3,0,0,8.0,Died,male,M,6,0,1,1,1,S,19.0,19.0
381,1.0,1,0,0,228.0,Survived,female,M,6,0,3,1,1,C,42.0,42.0
382,1.0,3,0,2,16.0,Survived,female,M,6,0,3,3,1,C,1.0,1.0
383,0.0,3,0,0,8.0,Died,male,M,6,0,1,1,1,S,32.0,32.0
384,1.0,1,1,0,52.0,Survived,female,M,6,0,4,2,1,S,35.0,35.0
385,0.0,3,0,0,8.0,Died,male,M,6,1,1,1,1,S,28.0,28.0
386,0.0,2,0,0,74.0,Died,male,M,6,0,1,1,1,S,18.0,18.0
387,0.0,3,5,2,47.0,Died,male,M,6,0,2,8,1,S,1.0,1.0
388,1.0,2,0,0,13.0,Survived,female,M,6,0,3,1,1,S,36.0,36.0
389,0.0,3,0,0,8.0,Died,male,M,6,1,1,1,1,Q,28.0,28.0
390,1.0,2,0,0,12.0,Survived,female,M,6,0,3,1,1,C,17.0,17.0
391,1.0,1,1,2,120.0,Survived,male,B,96,0,1,4,0,S,36.0,36.0
392,1.0,3,0,0,8.0,Survived,male,M,6,0,1,1,1,S,21.0,21.0
393,0.0,3,2,0,8.0,Died,male,M,6,0,1,3,1,S,28.0,28.0
394,1.0,1,1,0,113.0,Survived,female,D,36,0,3,2,0,C,23.0,23.0
395,1.0,3,0,2,17.0,Survived,female,G,6,0,4,3,0,S,24.0,24.0
396,0.0,3,0,0,8.0,Died,male,M,6,0,1,1,1,S,22.0,22.0
397,0.0,3,0,0,8.0,Died,female,M,6,0,3,1,1,S,31.0,31.0
398,0.0,2,0,0,26.0,Died,male,M,6,0,1,1,1,S,46.0,46.0
399,0.0,2,0,0,10.0,Died,male,M,6,0,6,1,1,S,23.0,23.0
400,1.0,2,0,0,13.0,Survived,female,M,6,0,4,1,1,S,28.0,28.0
401,1.0,3,0,0,8.0,Survived,male,M,6,0,1,1,1,S,39.0,39.0
402,0.0,3,0,0,8.0,Died,male,M,6,0,1,1,1,S,26.0,26.0
403,0.0,3,1,0,10.0,Died,female,M,6,0,3,2,1,S,21.0,21.0
404,0.0,3,1,0,16.0,Died,male,M,6,0,1,2,1,S,28.0,28.0
405,0.0,3,0,0,9.0,Died,female,M,6,0,3,1,1,S,20.0,20.0
406,0.0,2,1,0,21.0,Died,male,M,6,0,1,2,1,S,34.0,34.0
407,0.0,3,0,0,8.0,Died,male,M,6,0,1,1,1,S,51.0,51.0
408,1.0,2,1,1,19.0,Survived,male,M,6,0,2,3,1,S,3.0,3.0
409,0.0,3,0,0,8.0,Died,male,M,6,0,1,1,1,S,21.0,21.0
410,0.0,3,3,1,25.0,Died,female,M,6,1,3,5,1,S,28.0,27.0
411,0.0,3,0,0,8.0,Died,male,M,6,1,1,1,1,S,28.0,28.0
412,0.0,3,0,0,7.0,Died,male,M,6,1,1,1,1,Q,28.0,28.0
413,1.0,1,1,0,90.0,Survived,female,C,78,0,3,2,0,Q,33.0,33.0
414,0.0,2,0,0,0.0,Died,male,M,6,1,1,1,1,S,28.0,28.0
415,1.0,3,0,0,8.0,Survived,male,M,6,0,1,1,1,S,44.0,44.0
416,0.0,3,0,0,8.0,Died,female,M,6,1,4,1,1,S,28.0,27.0
417,1.0,2,1,1,32.0,Survived,female,M,6,0,4,3,1,S,34.0,34.0
418,1.0,2,0,2,13.0,Survived,female,M,6,0,3,3,1,S,18.0,18.0
419,0.0,2,0,0,13.0,Died,male,M,6,0,1,1,1,S,30.0,30.0
420,0.0,3,0,2,24.0,Died,female,M,6,0,3,3,1,S,10.0,10.0
421,0.0,3,0,0,8.0,Died,male,M,6,1,1,1,1,C,28.0,28.0
422,0.0,3,0,0,8.0,Died,male,M,6,0,1,1,1,Q,21.0,21.0
423,0.0,3,0,0,8.0,Died,male,M,6,0,1,1,1,S,29.0,29.0
424,0.0,3,1,1,14.0,Died,female,M,6,0,4,3,1,S,28.0,28.0
425,0.0,3,1,1,20.0,Died,male,M,6,0,1,3,1,S,18.0,18.0
426,0.0,3,0,0,7.0,Died,male,M,6,1,1,1,1,S,28.0,28.0
427,1.0,2,1,0,26.0,Survived,female,M,6,0,4,2,1,S,28.0,28.0
428,1.0,2,0,0,26.0,Survived,female,M,6,0,3,1,1,S,19.0,19.0
429,0.0,3,0,0,8.0,Died,male,M,6,1,1,1,1,Q,28.0,28.0
430,1.0,3,0,0,8.0,Survived,male,E,10,0,1,1,0,S,32.0,32.0
431,1.0,1,0,0,27.0,Survived,male,C,52,0,1,1,0,S,28.0,28.0
432,1.0,3,1,0,16.0,Survived,female,M,6,1,4,2,1,S,28.0,27.0
433,1.0,2,1,0,26.0,Survived,female,M,6,0,4,2,1,S,42.0,42.0
434,0.0,3,0,0,7.0,Died,male,M,6,0,1,1,1,S,17.0,17.0
435,0.0,1,1,0,56.0,Died,male,E,44,0,1,2,0,S,50.0,50.0
436,1.0,1,1,2,120.0,Survived,female,B,96,0,3,4,0,S,14.0,14.0
437,0.0,3,2,2,34.0,Died,female,M,6,0,3,5,1,S,21.0,21.0
438,1.0,2,2,3,19.0,Survived,female,M,6,0,4,6,1,S,24.0,24.0
439,0.0,1,1,4,263.0,Died,male,C,23,0,1,6,0,S,64.0,64.0
440,0.0,2,0,0,10.0,Died,male,M,6,0,1,1,1,S,31.0,31.0
441,1.0,2,1,1,26.0,Survived,female,M,6,0,4,3,1,S,45.0,45.0
442,0.0,3,0,0,10.0,Died,male,M,6,0,1,1,1,S,20.0,20.0
443,0.0,3,1,0,8.0,Died,male,M,6,0,1,2,1,S,25.0,25.0
444,1.0,2,0,0,13.0,Survived,female,M,6,0,1,1,1,S,28.0,28.0
445,1.0,3,0,0,8.0,Survived,male,M,6,1,1,1,1,S,28.0,28.0
446,1.0,1,0,2,82.0,Survived,male,A,34,0,2,3,0,S,4.0,4.0
447,1.0,2,0,1,20.0,Survived,female,M,6,0,3,2,1,S,13.0,13.0
448,1.0,1,0,0,27.0,Survived,male,M,6,0,1,1,1,S,34.0,34.0
449,1.0,3,2,1,19.0,Survived,female,M,6,0,3,4,1,C,5.0,5.0
450,1.0,1,0,0,30.0,Survived,male,C,104,0,6,1,0,S,52.0,52.0
451,0.0,2,1,2,28.0,Died,male,M,6,0,1,4,1,S,36.0,36.0
452,0.0,3,1,0,20.0,Died,male,M,6,1,1,2,1,S,28.0,28.0
453,0.0,1,0,0,28.0,Died,male,C,111,0,1,1,0,C,30.0,30.0
454,1.0,1,1,0,89.0,Survived,male,C,92,0,1,2,0,C,49.0,49.0
455,0.0,3,0,0,8.0,Died,male,M,6,1,1,1,1,S,28.0,28.0
456,1.0,3,0,0,8.0,Survived,male,M,6,0,1,1,1,C,29.0,29.0
457,0.0,1,0,0,27.0,Died,male,E,38,0,1,1,0,S,65.0,65.0
458,1.0,1,1,0,52.0,Survived,female,D,21,1,4,2,0,S,28.0,27.0
459,1.0,2,0,0,10.0,Survived,female,M,6,0,3,1,1,S,50.0,50.0
460,0.0,3,0,0,8.0,Died,male,M,6,1,1,1,1,Q,28.0,28.0
461,1.0,1,0,0,27.0,Survived,male,E,12,0,1,1,0,S,48.0,48.0
462,0.0,3,0,0,8.0,Died,male,M,6,0,1,1,1,S,34.0,34.0
463,0.0,1,0,0,38.0,Died,male,E,63,0,1,1,0,S,47.0,47.0
464,0.0,2,0,0,13.0,Died,male,M,6,0,1,1,1,S,48.0,48.0
465,0.0,3,0,0,8.0,Died,male,M,6,1,1,1,1,S,28.0,28.0
466,0.0,3,0,0,7.0,Died,male,M,6,0,1,1,1,S,38.0,38.0
467,0.0,2,0,0,0.0,Died,male,M,6,1,1,1,1,S,28.0,28.0
468,0.0,1,0,0,27.0,Died,male,M,6,0,1,1,1,S,56.0,56.0
469,0.0,3,0,0,8.0,Died,male,M,6,1,1,1,1,Q,28.0,28.0
470,1.0,3,2,1,19.0,Survived,female,M,6,0,3,4,1,C,1.0,1.0
471,0.0,3,0,0,7.0,Died,male,M,6,1,1,1,1,S,28.0,28.0
472,0.0,3,0,0,9.0,Died,male,M,6,0,1,1,1,S,38.0,38.0
473,1.0,2,1,2,28.0,Survived,female,M,6,0,4,4,1,S,33.0,33.0
474,1.0,2,0,0,14.0,Survived,female,D,6,0,4,1,0,C,23.0,23.0
475,0.0,3,0,0,10.0,Died,female,M,6,0,3,1,1,S,22.0,22.0
476,0.0,1,0,0,52.0,Died,male,A,14,1,1,1,0,S,28.0,28.0
477,0.0,2,1,0,21.0,Died,male,M,6,0,1,2,1,S,34.0,34.0
478,0.0,3,1,0,7.0,Died,male,M,6,0,1,2,1,S,29.0,29.0
479,0.0,3,0,0,8.0,Died,male,M,6,0,1,1,1,S,22.0,22.0
480,1.0,3,0,1,12.0,Survived,female,M,6,0,3,2,1,S,2.0,2.0
481,0.0,3,5,2,47.0,Died,male,M,6,0,2,8,1,S,9.0,9.0
482,0.0,2,0,0,0.0,Died,male,M,6,1,1,1,1,S,28.0,28.0
483,0.0,3,0,0,8.0,Died,male,M,6,0,1,1,1,S,50.0,50.0
484,1.0,3,0,0,10.0,Survived,female,M,6,0,4,1,1,S,63.0,63.0
485,1.0,1,1,0,91.0,Survived,male,B,49,0,1,2,0,C,25.0,25.0
486,0.0,3,3,1,25.0,Died,female,M,6,1,3,5,1,S,28.0,27.0
487,1.0,1,1,0,90.0,Survived,female,C,93,0,4,2,0,S,35.0,35.0
488,0.0,1,0,0,30.0,Died,male,B,37,0,1,1,0,C,58.0,58.0
489,0.0,3,0,0,8.0,Died,male,M,6,0,1,1,1,S,30.0,30.0
490,1.0,3,1,1,16.0,Survived,male,M,6,0,2,3,1,S,9.0,9.0
491,0.0,3,1,0,20.0,Died,male,M,6,1,1,2,1,S,28.0,28.0
492,0.0,3,0,0,7.0,Died,male,M,6,0,1,1,1,S,21.0,21.0
493,0.0,1,0,0,30.0,Died,male,C,30,0,1,1,0,S,55.0,55.0
494,0.0,1,0,0,50.0,Died,male,M,6,0,1,1,1,C,71.0,71.0
495,0.0,3,0,0,8.0,Died,male,M,6,0,1,1,1,S,21.0,21.0
496,0.0,3,0,0,14.0,Died,male,M,6,1,1,1,1,C,28.0,28.0
497,1.0,1,1,0,78.0,Survived,female,D,20,0,3,2,0,C,54.0,54.0
498,0.0,3,0,0,15.0,Died,male,M,6,1,1,1,1,S,28.0,28.0
499,0.0,1,1,2,152.0,Died,female,C,22,0,4,4,0,S,25.0,25.0
500,0.0,3,0,0,8.0,Died,male,M,6,0,1,1,1,S,24.0,24.0
501,0.0,3,0,0,9.0,Died,male,M,6,0,1,1,1,S,17.0,17.0
502,0.0,3,0,0,8.0,Died,female,M,6,0,3,1,1,Q,21.0,21.0
503,0.0,3,0,0,8.0,Died,female,M,6,1,3,1,1,Q,28.0,27.0
504,0.0,3,0,0,10.0,Died,female,M,6,0,3,1,1,S,37.0,37.0
505,1.0,1,0,0,86.0,Survived,female,B,79,0,3,1,0,S,16.0,16.0
506,0.0,1,1,0,109.0,Died,male,C,65,0,1,2,0,C,18.0,18.0
507,1.0,2,0,2,26.0,Survived,female,M,6,0,4,3,1,S,33.0,33.0
508,1.0,1,0,0,27.0,Survived,male,M,6,1,1,1,1,S,28.0,28.0
509,0.0,3,0,0,23.0,Died,male,M,6,0,1,1,1,S,28.0,28.0
510,1.0,3,0,0,56.0,Survived,male,M,6,0,1,1,1,S,26.0,26.0
511,1.0,3,0,0,8.0,Survived,male,M,6,0,1,1,1,Q,29.0,29.0
512,0.0,3,0,0,8.0,Died,male,M,6,1,1,1,1,S,28.0,28.0
513,1.0,1,0,0,26.0,Survived,male,E,25,0,1,1,0,S,36.0,36.0
514,1.0,1,1,0,59.0,Survived,female,M,6,0,4,2,1,C,54.0,54.0
515,0.0,3,0,0,7.0,Died,male,M,6,0,1,1,1,S,24.0,24.0
516,0.0,1,0,0,34.0,Died,male,D,46,0,1,1,0,S,47.0,47.0
517,1.0,2,0,0,10.0,Survived,female,F,33,0,4,1,0,S,34.0,34.0
518,0.0,3,0,0,24.0,Died,male,M,6,1,1,1,1,Q,28.0,28.0
519,1.0,2,1,0,26.0,Survived,female,M,6,0,4,2,1,S,36.0,36.0
520,0.0,3,0,0,8.0,Died,male,M,6,0,1,1,1,S,32.0,32.0
521,1.0,1,0,0,94.0,Survived,female,B,73,0,3,1,0,S,30.0,30.0
522,0.0,3,0,0,8.0,Died,male,M,6,0,1,1,1,S,22.0,22.0
523,0.0,3,0,0,7.0,Died,male,M,6,1,1,1,1,C,28.0,28.0
524,1.0,1,0,1,58.0,Survived,female,B,18,0,4,2,0,C,44.0,44.0
525,0.0,3,0,0,7.0,Died,male,M,6,1,1,1,1,C,28.0,28.0
526,0.0,3,0,0,8.0,Died,male,M,6,0,1,1,1,Q,40.0,40.0
527,1.0,2,0,0,10.0,Survived,female,M,6,0,3,1,1,S,50.0,50.0
528,0.0,1,0,0,222.0,Died,male,C,95,1,1,1,0,S,28.0,28.0
529,0.0,3,0,0,8.0,Died,male,M,6,0,1,1,1,S,39.0,39.0
530,0.0,2,2,1,12.0,Died,male,M,6,0,1,4,1,S,23.0,23.0
531,1.0,2,1,1,26.0,Survived,female,M,6,0,3,3,1,S,2.0,2.0
532,0.0,3,0,0,7.0,Died,male,M,6,1,1,1,1,C,28.0,28.0
533,0.0,3,1,1,7.0,Died,male,M,6,0,1,3,1,C,17.0,17.0
534,1.0,3,0,2,22.0,Survived,female,M,6,1,4,3,1,C,28.0,27.0
535,0.0,3,0,0,9.0,Died,female,M,6,0,3,1,1,S,30.0,30.0
536,1.0,2,0,2,26.0,Survived,female,M,6,0,3,3,1,S,7.0,7.0
537,0.0,1,0,0,27.0,Died,male,B,38,0,6,1,0,S,45.0,45.0
538,1.0,1,0,0,106.0,Survived,female,M,6,0,3,1,1,C,30.0,30.0
539,0.0,3,0,0,14.0,Died,male,M,6,1,1,1,1,S,28.0,28.0
540,1.0,1,0,2,50.0,Survived,female,B,39,0,3,3,0,C,22.0,22.0
541,1.0,1,0,2,71.0,Survived,female,B,22,0,3,3,0,S,36.0,36.0
542,0.0,3,4,2,31.0,Died,female,M,6,0,3,7,1,S,9.0,9.0
543,0.0,3,4,2,31.0,Died,female,M,6,0,3,7,1,S,11.0,11.0
544,1.0,2,1,0,26.0,Survived,male,M,6,0,1,2,1,S,32.0,32.0
545,0.0,1,1,0,106.0,Died,male,C,86,0,1,2,0,C,50.0,50.0
546,0.0,1,0,0,26.0,Died,male,M,6,0,1,1,1,S,64.0,64.0
547,1.0,2,1,0,26.0,Survived,female,M,6,0,4,2,1,S,19.0,19.0
548,1.0,2,0,0,14.0,Survived,male,M,6,1,1,1,1,C,28.0,28.0
549,0.0,3,1,1,21.0,Died,male,M,6,0,1,3,1,S,33.0,33.0
550,1.0,2,1,1,37.0,Survived,male,M,6,0,2,3,1,S,8.0,8.0
551,1.0,1,0,2,111.0,Survived,male,C,70,0,1,3,0,C,17.0,17.0
552,0.0,2,0,0,26.0,Died,male,M,6,0,1,1,1,S,27.0,27.0
553,0.0,3,0,0,8.0,Died,male,M,6,1,1,1,1,Q,28.0,28.0
554,1.0,3,0,0,7.0,Survived,male,M,6,0,1,1,1,C,22.0,22.0
555,1.0,3,0,0,8.0,Survived,female,M,6,0,3,1,1,S,22.0,22.0
556,0.0,1,0,0,27.0,Died,male,M,6,0,1,1,1,S,62.0,62.0
557,1.0,1,1,0,40.0,Survived,female,A,16,0,5,2,0,C,48.0,48.0
558,0.0,1,0,0,228.0,Died,male,M,6,1,1,1,1,C,28.0,28.0
559,1.0,1,1,1,80.0,Survived,female,E,67,0,4,3,0,S,39.0,39.0
560,1.0,3,1,0,17.0,Survived,female,M,6,0,4,2,1,S,36.0,36.0
561,0.0,3,0,0,8.0,Died,male,M,6,1,1,1,1,Q,28.0,28.0
562,0.0,3,0,0,8.0,Died,male,M,6,0,1,1,1,S,40.0,40.0
563,0.0,2,0,0,14.0,Died,male,M,6,0,1,1,1,S,28.0,28.0
564,0.0,3,0,0,8.0,Died,male,M,6,1,1,1,1,S,28.0,28.0
565,0.0,3,0,0,8.0,Died,female,M,6,1,3,1,1,S,28.0,27.0
566,0.0,3,2,0,24.0,Died,male,M,6,0,1,3,1,S,24.0,24.0
567,0.0,3,0,0,8.0,Died,male,M,6,0,1,1,1,S,19.0,19.0
568,0.0,3,0,4,21.0,Died,female,M,6,0,4,5,1,S,29.0,29.0
569,0.0,3,0,0,7.0,Died,male,M,6,1,1,1,1,C,28.0,28.0
570,1.0,3,0,0,8.0,Survived,male,M,6,0,1,1,1,S,32.0,32.0
571,1.0,2,0,0,10.0,Survived,male,M,6,0,1,1,1,S,62.0,62.0
572,1.0,1,2,0,51.0,Survived,female,C,101,0,4,3,0,S,53.0,53.0
573,1.0,1,0,0,26.0,Survived,male,E,25,0,1,1,0,S,36.0,36.0
574,1.0,3,0,0,8.0,Survived,female,M,6,1,3,1,1,Q,28.0,27.0
575,0.0,3,0,0,8.0,Died,male,M,6,0,1,1,1,S,16.0,16.0
576,0.0,3,0,0,14.0,Died,male,M,6,0,1,1,1,S,19.0,19.0
577,1.0,2,0,0,13.0,Survived,female,M,6,0,3,1,1,S,34.0,34.0
578,1.0,1,1,0,56.0,Survived,female,E,44,0,4,2,0,S,39.0,39.0
579,0.0,3,1,0,14.0,Died,female,M,6,1,4,2,1,C,28.0,27.0
580,1.0,3,0,0,8.0,Survived,male,M,6,0,1,1,1,S,32.0,32.0
581,1.0,2,1,1,30.0,Survived,female,M,6,0,3,3,1,S,25.0,25.0
582,1.0,1,1,1,111.0,Survived,female,C,68,0,4,3,0,C,39.0,39.0
583,0.0,2,0,0,26.0,Died,male,M,6,0,1,1,1,S,54.0,54.0
584,0.0,1,0,0,40.0,Died,male,A,10,0,1,1,0,C,36.0,36.0
585,0.0,3,0,0,9.0,Died,male,M,6,1,1,1,1,C,28.0,28.0
586,1.0,1,0,2,80.0,Survived,female,E,68,0,3,3,0,S,18.0,18.0
587,0.0,2,0,0,15.0,Died,male,M,6,0,1,1,1,S,47.0,47.0
588,1.0,1,1,1,79.0,Survived,male,B,41,0,1,3,0,C,60.0,60.0
589,0.0,3,0,0,8.0,Died,male,M,6,0,1,1,1,S,22.0,22.0
590,0.0,3,0,0,8.0,Died,male,M,6,1,1,1,1,S,28.0,28.0
591,0.0,3,0,0,7.0,Died,male,M,6,0,1,1,1,S,35.0,35.0
592,1.0,1,1,0,78.0,Survived,female,D,20,0,4,2,0,C,52.0,52.0
593,0.0,3,0,0,7.0,Died,male,M,6,0,1,1,1,S,47.0,47.0
594,0.0,3,0,2,8.0,Died,female,M,6,1,3,3,1,Q,28.0,27.0
595,0.0,2,1,0,26.0,Died,male,M,6,0,1,2,1,S,37.0,37.0
596,0.0,3,1,1,24.0,Died,male,M,6,0,1,3,1,S,36.0,36.0
597,1.0,2,0,0,33.0,Survived,female,M,6,1,3,1,1,S,28.0,27.0
598,0.0,3,0,0,0.0,Died,male,M,6,0,1,1,1,S,49.0,49.0
599,0.0,3,0,0,7.0,Died,male,M,6,1,1,1,1,C,28.0,28.0
600,1.0,1,1,0,57.0,Survived,male,A,20,0,5,2,0,C,49.0,49.0
601,1.0,2,2,1,27.0,Survived,female,M,6,0,4,4,1,S,24.0,24.0
602,0.0,3,0,0,8.0,Died,male,M,6,1,1,1,1,S,28.0,28.0
603,0.0,1,0,0,42.0,Died,male,M,6,1,1,1,1,S,28.0,28.0
604,0.0,3,0,0,8.0,Died,male,M,6,0,1,1,1,S,44.0,44.0
605,1.0,1,0,0,27.0,Survived,male,M,6,0,1,1,1,C,35.0,35.0
606,0.0,3,1,0,16.0,Died,male,M,6,0,1,2,1,S,36.0,36.0
607,0.0,3,0,0,8.0,Died,male,M,6,0,1,1,1,S,30.0,30.0
608,1.0,1,0,0,30.0,Survived,male,M,6,0,1,1,1,S,27.0,27.0
609,1.0,2,1,2,42.0,Survived,female,M,6,0,4,4,1,C,22.0,22.0
610,1.0,1,0,0,153.0,Survived,female,C,125,0,3,1,0,S,40.0,40.0
611,0.0,3,1,5,31.0,Died,female,M,6,0,4,7,1,S,39.0,39.0
612,0.0,3,0,0,7.0,Died,male,M,6,1,1,1,1,S,28.0,28.0
613,1.0,3,1,0,16.0,Survived,female,M,6,1,3,2,1,Q,28.0,27.0
614,0.0,3,0,0,8.0,Died,male,M,6,1,1,1,1,Q,28.0,28.0
615,0.0,3,0,0,8.0,Died,male,M,6,0,1,1,1,S,35.0,35.0
616,1.0,2,1,2,65.0,Survived,female,M,6,0,3,4,1,S,24.0,24.0
617,0.0,3,1,1,14.0,Died,male,M,6,0,1,3,1,S,34.0,34.0
618,0.0,3,1,0,16.0,Died,female,M,6,0,4,2,1,S,26.0,26.0
619,1.0,2,2,1,39.0,Survived,female,F,4,0,3,4,0,S,4.0,4.0
620,0.0,2,0,0,10.0,Died,male,M,6,0,1,1,1,S,26.0,26.0
621,0.0,3,1,0,14.0,Died,male,M,6,0,1,2,1,C,27.0,27.0
622,1.0,1,1,0,53.0,Survived,male,D,19,0,1,2,0,S,42.0,42.0
623,1.0,3,1,1,16.0,Survived,male,M,6,0,1,3,1,C,20.0,20.0
624,0.0,3,0,0,8.0,Died,male,M,6,0,1,1,1,S,21.0,21.0
625,0.0,3,0,0,16.0,Died,male,M,6,0,1,1,1,S,21.0,21.0
626,0.0,1,0,0,32.0,Died,male,D,50,0,1,1,0,S,61.0,61.0
627,0.0,2,0,0,12.0,Died,male,M,6,0,6,1,1,Q,57.0,57.0
628,1.0,1,0,0,78.0,Survived,female,D,9,0,3,1,0,S,21.0,21.0
629,0.0,3,0,0,8.0,Died,male,M,6,0,1,1,1,S,26.0,26.0
630,0.0,3,0,0,8.0,Died,male,M,6,1,1,1,1,Q,28.0,28.0
631,1.0,1,0,0,30.0,Survived,male,A,23,0,1,1,0,S,80.0,80.0
632,0.0,3,0,0,7.0,Died,male,M,6,0,1,1,1,S,51.0,51.0
633,1.0,1,0,0,30.0,Survived,male,B,50,0,6,1,0,C,32.0,32.0
634,0.0,1,0,0,0.0,Died,male,M,6,1,1,1,1,S,28.0,28.0
635,0.0,3,3,2,28.0,Died,female,M,6,0,3,6,1,S,9.0,9.0
636,1.0,2,0,0,13.0,Survived,female,M,6,0,3,1,1,S,28.0,28.0
637,0.0,3,0,0,8.0,Died,male,M,6,0,1,1,1,S,32.0,32.0
638,0.0,2,1,1,26.0,Died,male,M,6,0,1,3,1,S,31.0,31.0
639,0.0,3,0,5,40.0,Died,female,M,6,0,4,6,1,S,41.0,41.0
640,0.0,3,1,0,16.0,Died,male,M,6,1,1,2,1,S,28.0,28.0
641,0.0,3,0,0,8.0,Died,male,M,6,0,1,1,1,S,20.0,20.0
642,1.0,1,0,0,69.0,Survived,female,B,35,0,3,1,0,C,24.0,24.0
643,0.0,3,3,2,28.0,Died,female,M,6,0,3,6,1,S,2.0,2.0
644,1.0,3,0,0,56.0,Survived,male,M,6,1,1,1,1,S,28.0,28.0
645,1.0,3,2,1,19.0,Survived,female,M,6,0,3,4,1,C,1.0,1.0
646,1.0,1,1,0,77.0,Survived,male,D,33,0,1,2,0,C,48.0,48.0
647,0.0,3,0,0,8.0,Died,male,M,6,0,1,1,1,S,19.0,19.0
648,1.0,1,0,0,36.0,Survived,male,A,26,0,6,1,0,C,56.0,56.0
649,0.0,3,0,0,8.0,Died,male,M,6,1,1,1,1,S,28.0,28.0
650,1.0,3,0,0,8.0,Survived,female,M,6,0,3,1,1,S,23.0,23.0
651,0.0,3,0,0,8.0,Died,male,M,6,1,1,1,1,S,28.0,28.0
652,1.0,2,0,1,23.0,Survived,female,M,6,0,3,2,1,S,18.0,18.0
653,0.0,3,0,0,8.0,Died,male,M,6,0,1,1,1,S,21.0,21.0
654,1.0,3,0,0,8.0,Survived,female,M,6,1,3,1,1,Q,28.0,27.0
655,0.0,3,0,0,7.0,Died,female,M,6,0,3,1,1,Q,18.0,18.0
656,0.0,2,2,0,74.0,Died,male,M,6,0,1,3,1,S,24.0,24.0
657,0.0,3,0,0,8.0,Died,male,M,6,1,1,1,1,S,28.0,28.0
658,0.0,3,1,1,16.0,Died,female,M,6,0,4,3,1,Q,32.0,32.0
659,0.0,2,0,0,13.0,Died,male,M,6,0,1,1,1,S,23.0,23.0
660,0.0,1,0,2,113.0,Died,male,D,48,0,1,3,0,C,58.0,58.0
661,1.0,1,2,0,134.0,Survived,male,M,6,0,6,3,1,S,50.0,50.0
662,0.0,3,0,0,7.0,Died,male,M,6,0,1,1,1,C,40.0,40.0
663,0.0,1,0,0,26.0,Died,male,E,58,0,1,1,0,S,47.0,47.0
664,0.0,3,0,0,7.0,Died,male,M,6,0,1,1,1,S,36.0,36.0
665,1.0,3,1,0,8.0,Survived,male,M,6,0,1,2,1,S,20.0,20.0
666,0.0,2,2,0,74.0,Died,male,M,6,0,1,3,1,S,32.0,32.0
667,0.0,2,0,0,13.0,Died,male,M,6,0,1,1,1,S,25.0,25.0
668,0.0,3,0,0,8.0,Died,male,M,6,1,1,1,1,S,28.0,28.0
669,0.0,3,0,0,8.0,Died,male,M,6,0,1,1,1,S,43.0,43.0
670,1.0,1,1,0,52.0,Survived,female,C,126,1,4,2,0,S,28.0,27.0
671,1.0,2,1,1,39.0,Survived,female,M,6,0,4,3,1,S,40.0,40.0
672,0.0,1,1,0,52.0,Died,male,B,71,0,1,2,0,S,31.0,31.0
673,0.0,2,0,0,10.0,Died,male,M,6,0,1,1,1,S,70.0,70.0
674,1.0,2,0,0,13.0,Survived,male,M,6,0,1,1,1,S,31.0,31.0
675,0.0,2,0,0,0.0,Died,male,M,6,1,1,1,1,S,28.0,28.0
676,0.0,3,0,0,8.0,Died,male,M,6,0,1,1,1,S,18.0,18.0
677,0.0,3,0,0,8.0,Died,male,M,6,0,1,1,1,S,24.0,24.0
678,1.0,3,0,0,10.0,Survived,female,M,6,0,3,1,1,S,18.0,18.0
679,0.0,3,1,6,47.0,Died,female,M,6,0,4,8,1,S,43.0,43.0
680,1.0,1,0,1,512.0,Survived,male,B,51,0,1,2,0,C,36.0,36.0
681,0.0,3,0,0,8.0,Died,female,M,6,1,3,1,1,Q,28.0,27.0
682,1.0,1,0,0,77.0,Survived,male,D,49,0,1,1,0,C,27.0,27.0
683,0.0,3,0,0,9.0,Died,male,M,6,0,1,1,1,S,20.0,20.0
684,0.0,3,5,2,47.0,Died,male,M,6,0,1,8,1,S,14.0,14.0
685,0.0,2,1,1,39.0,Died,male,M,6,0,1,3,1,S,60.0,60.0
686,0.0,2,1,2,42.0,Died,male,M,6,0,1,4,1,C,25.0,25.0
687,0.0,3,4,1,40.0,Died,male,M,6,0,1,6,1,S,14.0,14.0
688,0.0,3,0,0,10.0,Died,male,M,6,0,1,1,1,S,19.0,19.0
689,0.0,3,0,0,8.0,Died,male,M,6,0,1,1,1,S,18.0,18.0
690,1.0,1,0,1,211.0,Survived,female,B,5,0,3,2,0,S,15.0,15.0
691,1.0,1,1,0,57.0,Survived,male,B,20,0,1,2,0,S,31.0,31.0
692,1.0,3,0,1,13.0,Survived,female,M,6,0,3,2,1,C,4.0,4.0
693,1.0,3,0,0,56.0,Survived,male,M,6,1,1,1,1,S,28.0,28.0
694,0.0,3,0,0,7.0,Died,male,M,6,0,1,1,1,C,25.0,25.0
695,0.0,1,0,0,27.0,Died,male,M,6,0,6,1,1,S,60.0,60.0
696,0.0,2,0,0,14.0,Died,male,M,6,0,1,1,1,S,52.0,52.0
697,0.0,3,0,0,8.0,Died,male,M,6,0,1,1,1,S,44.0,44.0
698,1.0,3,0,0,8.0,Survived,female,M,6,1,3,1,1,Q,28.0,27.0
699,0.0,1,1,1,111.0,Died,male,C,68,0,1,3,0,C,49.0,49.0
700,0.0,3,0,0,8.0,Died,male,F,6,0,1,1,0,S,42.0,42.0
701,1.0,1,1,0,228.0,Survived,female,C,62,0,4,2,0,C,18.0,18.0
702,1.0,1,0,0,26.0,Survived,male,E,24,0,1,1,0,S,35.0,35.0
703,0.0,3,0,1,14.0,Died,female,M,6,0,3,2,1,C,18.0,18.0
704,0.0,3,0,0,8.0,Died,male,M,6,0,1,1,1,Q,25.0,25.0
705,0.0,3,1,0,8.0,Died,male,M,6,0,1,2,1,S,26.0,26.0
706,0.0,2,0,0,26.0,Died,male,M,6,0,1,1,1,S,39.0,39.0
707,1.0,2,0,0,14.0,Survived,female,M,6,0,4,1,1,S,45.0,45.0
708,1.0,1,0,0,26.0,Survived,male,E,24,0,1,1,0,S,42.0,42.0
709,1.0,1,0,0,152.0,Survived,female,M,6,0,3,1,1,S,22.0,22.0
710,1.0,3,1,1,15.0,Survived,male,M,6,1,2,3,1,C,28.0,28.0
711,1.0,1,0,0,50.0,Survived,female,C,90,0,3,1,0,C,24.0,24.0
712,0.0,1,0,0,27.0,Died,male,C,124,1,1,1,0,S,28.0,28.0
713,1.0,1,1,0,52.0,Survived,male,C,126,0,1,2,0,S,48.0,48.0
714,0.0,3,0,0,9.0,Died,male,M,6,0,1,1,1,S,29.0,29.0
715,0.0,2,0,0,13.0,Died,male,M,6,0,1,1,1,S,52.0,52.0
716,0.0,3,0,0,8.0,Died,male,F,6,0,1,1,0,S,19.0,19.0
717,1.0,1,0,0,228.0,Survived,female,C,45,0,3,1,0,C,38.0,38.0
718,1.0,2,0,0,10.0,Survived,female,E,101,0,3,1,0,S,27.0,27.0
719,0.0,3,0,0,16.0,Died,male,M,6,1,1,1,1,Q,28.0,28.0
720,0.0,3,0,0,8.0,Died,male,M,6,0,1,1,1,S,33.0,33.0
721,1.0,2,0,1,33.0,Survived,female,M,6,0,3,2,1,S,6.0,6.0
722,0.0,3,1,0,7.0,Died,male,M,6,0,1,2,1,S,17.0,17.0
723,0.0,2,0,0,13.0,Died,male,M,6,0,1,1,1,S,34.0,34.0
724,0.0,2,0,0,13.0,Died,male,M,6,0,1,1,1,S,50.0,50.0
725,1.0,1,1,0,53.0,Survived,male,E,8,0,1,2,0,S,27.0,27.0
726,0.0,3,0,0,9.0,Died,male,M,6,0,1,1,1,S,20.0,20.0
727,1.0,2,3,0,21.0,Survived,female,M,6,0,4,4,1,S,30.0,30.0
728,1.0,3,0,0,8.0,Survived,female,M,6,1,3,1,1,Q,28.0,27.0
729,0.0,2,1,0,26.0,Died,male,M,6,0,1,2,1,S,25.0,25.0
730,0.0,3,1,0,8.0,Died,female,M,6,0,3,2,1,S,25.0,25.0
731,1.0,1,0,0,211.0,Survived,female,B,5,0,3,1,0,S,29.0,29.0
732,0.0,3,0,0,19.0,Died,male,M,6,0,1,1,1,C,11.0,11.0
733,0.0,2,0,0,0.0,Died,male,M,6,1,1,1,1,S,28.0,28.0
734,0.0,2,0,0,13.0,Died,male,M,6,0,1,1,1,S,23.0,23.0
735,0.0,2,0,0,13.0,Died,male,M,6,0,1,1,1,S,23.0,23.0
736,0.0,3,0,0,16.0,Died,male,M,6,0,1,1,1,S,28.0,28.0
737,0.0,3,1,3,34.0,Died,female,M,6,0,4,5,1,S,48.0,48.0
738,1.0,1,0,0,512.0,Survived,male,B,101,0,1,1,0,C,35.0,35.0
739,0.0,3,0,0,8.0,Died,male,M,6,1,1,1,1,S,28.0,28.0
740,0.0,3,0,0,8.0,Died,male,M,6,1,1,1,1,S,28.0,28.0
741,1.0,1,0,0,30.0,Survived,male,D,45,1,1,1,0,S,28.0,28.0
742,0.0,1,1,0,79.0,Died,male,C,46,0,1,2,0,S,36.0,36.0
743,1.0,1,2,2,262.0,Survived,female,B,57,0,3,5,0,C,21.0,21.0
744,0.0,3,1,0,16.0,Died,male,M,6,0,1,2,1,S,24.0,24.0
745,1.0,3,0,0,8.0,Survived,male,M,6,0,1,1,1,S,31.0,31.0
746,0.0,1,1,1,71.0,Died,male,B,22,0,6,3,0,S,70.0,70.0
747,0.0,3,1,1,20.0,Died,male,M,6,0,1,3,1,S,16.0,16.0
748,1.0,2,0,0,13.0,Survived,female,M,6,0,3,1,1,S,30.0,30.0
749,0.0,1,1,0,53.0,Died,male,D,30,0,1,2,0,S,19.0,19.0
750,0.0,3,0,0,8.0,Died,male,M,6,0,1,1,1,Q,31.0,31.0
751,1.0,2,1,1,23.0,Survived,female,M,6,0,3,3,1,S,4.0,4.0
752,1.0,3,0,1,12.0,Survived,male,E,121,0,2,2,0,S,6.0,6.0
753,0.0,3,0,0,10.0,Died,male,M,6,0,1,1,1,S,33.0,33.0
754,0.0,3,0,0,8.0,Died,male,M,6,0,1,1,1,S,23.0,23.0
755,1.0,2,1,2,65.0,Survived,female,M,6,0,4,4,1,S,48.0,48.0
756,1.0,2,1,1,14.0,Survived,male,M,6,0,2,3,1,S,1.0,1.0
757,0.0,3,0,0,8.0,Died,male,M,6,0,1,1,1,S,28.0,28.0
758,0.0,2,0,0,12.0,Died,male,M,6,0,1,1,1,S,18.0,18.0
759,0.0,3,0,0,8.0,Died,male,M,6,0,1,1,1,S,34.0,34.0
760,1.0,1,0,0,86.0,Survived,female,B,77,0,5,1,0,S,33.0,33.0
761,0.0,3,0,0,14.0,Died,male,M,6,1,1,1,1,S,28.0,28.0
762,0.0,3,0,0,7.0,Died,male,M,6,0,1,1,1,S,41.0,41.0
763,1.0,3,0,0,7.0,Survived,male,M,6,0,1,1,1,C,20.0,20.0
764,1.0,1,1,2,120.0,Survived,female,B,96,0,4,4,0,S,36.0,36.0
765,0.0,3,0,0,8.0,Died,male,M,6,0,1,1,1,S,16.0,16.0
766,1.0,1,1,0,78.0,Survived,female,D,11,0,4,2,0,S,51.0,51.0
767,0.0,1,0,0,40.0,Died,male,M,6,1,6,1,1,C,28.0,28.0
768,0.0,3,0,0,8.0,Died,female,M,6,0,3,1,1,Q,30.0,30.0
769,0.0,3,1,0,24.0,Died,male,M,6,1,1,2,1,Q,28.0,28.0
770,0.0,3,0,0,8.0,Died,male,M,6,0,1,1,1,S,32.0,32.0
771,0.0,3,0,0,10.0,Died,male,M,6,0,1,1,1,S,24.0,24.0
772,0.0,3,0,0,8.0,Died,male,M,6,0,1,1,1,S,48.0,48.0
773,0.0,2,0,0,10.0,Died,female,E,77,0,4,1,0,S,57.0,57.0
774,0.0,3,0,0,7.0,Died,male,M,6,1,1,1,1,C,28.0,28.0
775,1.0,2,1,3,23.0,Survived,female,M,6,0,4,5,1,S,54.0,54.0
776,0.0,3,0,0,8.0,Died,male,M,6,0,1,1,1,S,18.0,18.0
777,0.0,3,0,0,8.0,Died,male,F,38,1,1,1,0,Q,28.0,28.0
778,1.0,3,0,0,12.0,Survived,female,M,6,0,3,1,1,S,5.0,5.0
779,0.0,3,0,0,8.0,Died,male,M,6,1,1,1,1,Q,28.0,28.0
780,1.0,1,0,1,211.0,Survived,female,B,3,0,4,2,0,S,43.0,43.0
781,1.0,3,0,0,7.0,Survived,female,M,6,0,3,1,1,C,13.0,13.0
782,1.0,1,1,0,57.0,Survived,female,B,20,0,4,2,0,S,17.0,17.0
783,0.0,1,0,0,30.0,Died,male,D,6,0,1,1,0,S,29.0,29.0
784,0.0,3,1,2,23.0,Died,male,M,6,1,1,4,1,S,28.0,28.0
785,0.0,3,0,0,7.0,Died,male,M,6,0,1,1,1,S,25.0,25.0
786,0.0,3,0,0,7.0,Died,male,M,6,0,1,1,1,S,25.0,25.0
787,1.0,3,0,0,7.0,Survived,female,M,6,0,3,1,1,S,18.0,18.0
788,0.0,3,4,1,29.0,Died,male,M,6,0,2,6,1,Q,8.0,8.0
789,1.0,3,1,2,21.0,Survived,male,M,6,0,2,4,1,S,1.0,1.0
790,0.0,1,0,0,79.0,Died,male,B,82,0,1,1,0,C,46.0,46.0
791,0.0,3,0,0,8.0,Died,male,M,6,1,1,1,1,Q,28.0,28.0
792,0.0,2,0,0,26.0,Died,male,M,6,0,1,1,1,S,16.0,16.0
793,0.0,3,8,2,70.0,Died,female,M,6,1,3,11,1,S,28.0,27.0
794,0.0,1,0,0,31.0,Died,male,M,6,1,1,1,1,C,28.0,28.0
795,0.0,3,0,0,8.0,Died,male,M,6,0,1,1,1,S,25.0,25.0
796,0.0,2,0,0,13.0,Died,male,M,6,0,1,1,1,S,39.0,39.0
797,1.0,1,0,0,26.0,Survived,female,D,17,0,6,1,0,S,49.0,49.0
798,1.0,3,0,0,9.0,Survived,female,M,6,0,4,1,1,S,31.0,31.0
799,0.0,3,0,0,7.0,Died,male,M,6,0,1,1,1,C,30.0,30.0
800,0.0,3,1,1,24.0,Died,female,M,6,0,4,3,1,S,30.0,30.0
801,0.0,2,0,0,13.0,Died,male,M,6,0,1,1,1,S,34.0,34.0
802,1.0,2,1,1,26.0,Survived,female,M,6,0,4,3,1,S,31.0,31.0
803,1.0,1,1,2,120.0,Survived,male,B,96,0,2,4,0,S,11.0,11.0
804,1.0,3,0,1,9.0,Survived,male,M,6,0,2,2,1,C,0.0,0.0
805,1.0,3,0,0,7.0,Survived,male,M,6,0,1,1,1,S,27.0,27.0
806,0.0,3,0,0,8.0,Died,male,M,6,0,1,1,1,S,31.0,31.0
807,0.0,1,0,0,0.0,Died,male,A,36,0,1,1,0,S,39.0,39.0
808,0.0,3,0,0,8.0,Died,female,M,6,0,3,1,1,S,18.0,18.0
809,0.0,2,0,0,13.0,Died,male,M,6,0,1,1,1,S,39.0,39.0
810,1.0,1,1,0,53.0,Survived,female,E,8,0,4,2,0,S,33.0,33.0
811,0.0,3,0,0,8.0,Died,male,M,6,0,1,1,1,S,26.0,26.0
812,0.0,3,0,0,24.0,Died,male,M,6,0,1,1,1,S,39.0,39.0
813,0.0,2,0,0,10.0,Died,male,M,6,0,1,1,1,S,35.0,35.0
814,0.0,3,4,2,31.0,Died,female,M,6,0,3,7,1,S,6.0,6.0
815,0.0,3,0,0,8.0,Died,male,M,6,0,1,1,1,S,30.0,30.0
816,0.0,1,0,0,0.0,Died,male,B,102,1,1,1,0,S,28.0,28.0
817,0.0,3,0,0,8.0,Died,female,M,6,0,3,1,1,S,23.0,23.0
818,0.0,2,1,1,37.0,Died,male,M,6,0,1,3,1,C,31.0,31.0
819,0.0,3,0,0,6.0,Died,male,M,6,0,1,1,1,S,43.0,43.0
820,0.0,3,3,2,28.0,Died,male,M,6,0,2,6,1,S,10.0,10.0
821,1.0,1,1,1,94.0,Survived,female,B,69,0,4,3,0,S,52.0,52.0
822,1.0,3,0,0,9.0,Survived,male,M,6,0,1,1,1,S,27.0,27.0
823,0.0,1,0,0,0.0,Died,male,M,6,0,5,1,1,S,38.0,38.0
824,1.0,3,0,1,12.0,Survived,female,E,121,0,4,2,0,S,27.0,27.0
825,0.0,3,4,1,40.0,Died,male,M,6,0,2,6,1,S,2.0,2.0
826,0.0,3,0,0,7.0,Died,male,M,6,1,1,1,1,Q,28.0,28.0
827,0.0,3,0,0,56.0,Died,male,M,6,1,1,1,1,S,28.0,28.0
828,1.0,2,0,2,37.0,Survived,male,M,6,0,2,3,1,C,1.0,1.0
829,1.0,3,0,0,8.0,Survived,male,M,6,1,1,1,1,Q,28.0,28.0
830,1.0,1,0,0,80.0,Survived,female,B,28,0,4,1,0,S,62.0,62.0
831,1.0,3,1,0,14.0,Survived,female,M,6,0,4,2,1,C,15.0,15.0
832,1.0,2,1,1,19.0,Survived,male,M,6,0,2,3,1,S,1.0,1.0
833,0.0,3,0,0,7.0,Died,male,M,6,1,1,1,1,C,28.0,28.0
834,0.0,3,0,0,8.0,Died,male,M,6,0,1,1,1,S,23.0,23.0
835,0.0,3,0,0,8.0,Died,male,M,6,0,1,1,1,S,18.0,18.0
836,1.0,1,1,1,83.0,Survived,female,E,49,0,3,3,0,C,39.0,39.0
837,0.0,3,0,0,9.0,Died,male,M,6,0,1,1,1,S,21.0,21.0
838,0.0,3,0,0,8.0,Died,male,M,6,1,1,1,1,S,28.0,28.0
839,1.0,3,0,0,56.0,Survived,male,M,6,0,1,1,1,S,32.0,32.0
840,1.0,1,0,0,30.0,Survived,male,C,47,1,1,1,0,C,28.0,28.0
841,0.0,3,0,0,8.0,Died,male,M,6,0,1,1,1,S,20.0,20.0
842,0.0,2,0,0,10.0,Died,male,M,6,0,1,1,1,S,16.0,16.0
843,1.0,1,0,0,31.0,Survived,female,M,6,0,3,1,1,C,30.0,30.0
844,0.0,3,0,0,6.0,Died,male,M,6,0,1,1,1,C,34.0,34.0
845,0.0,3,0,0,9.0,Died,male,M,6,0,1,1,1,S,17.0,17.0
846,0.0,3,0,0,8.0,Died,male,M,6,0,1,1,1,S,42.0,42.0
847,0.0,3,8,2,70.0,Died,male,M,6,1,1,11,1,S,28.0,28.0
848,0.0,3,0,0,8.0,Died,male,M,6,0,1,1,1,C,35.0,35.0
849,0.0,2,0,1,33.0,Died,male,M,6,0,6,2,1,S,28.0,28.0
850,1.0,1,1,0,89.0,Survived,female,C,92,1,4,2,0,C,28.0,27.0
851,0.0,3,4,2,31.0,Died,male,M,6,0,2,7,1,S,4.0,4.0
852,0.0,3,0,0,8.0,Died,male,M,6,0,1,1,1,S,74.0,74.0
853,0.0,3,1,1,15.0,Died,female,M,6,0,3,3,1,C,9.0,9.0
854,1.0,1,0,1,39.0,Survived,female,D,28,0,3,2,0,S,16.0,16.0
855,0.0,2,1,0,26.0,Died,female,M,6,0,4,2,1,S,44.0,44.0
856,1.0,3,0,1,9.0,Survived,female,M,6,0,4,2,1,S,18.0,18.0
857,1.0,1,1,1,165.0,Survived,female,M,6,0,4,3,1,S,45.0,45.0
858,1.0,1,0,0,27.0,Survived,male,E,17,0,1,1,0,S,51.0,51.0
859,1.0,3,0,3,19.0,Survived,female,M,6,0,4,4,1,C,24.0,24.0
860,0.0,3,0,0,7.0,Died,male,M,6,1,1,1,1,C,28.0,28.0
861,0.0,3,2,0,14.0,Died,male,M,6,0,1,3,1,S,41.0,41.0
862,0.0,2,1,0,12.0,Died,male,M,6,0,1,2,1,S,21.0,21.0
863,1.0,1,0,0,26.0,Survived,female,D,17,0,4,1,0,S,48.0,48.0
864,0.0,3,8,2,70.0,Died,female,M,6,1,3,11,1,S,28.0,27.0
865,0.0,2,0,0,13.0,Died,male,M,6,0,1,1,1,S,24.0,24.0
866,1.0,2,0,0,13.0,Survived,female,M,6,0,4,1,1,S,42.0,42.0
867,1.0,2,1,0,14.0,Survived,female,M,6,0,3,2,1,C,27.0,27.0
868,0.0,1,0,0,50.0,Died,male,A,24,0,1,1,0,S,31.0,31.0
869,0.0,3,0,0,10.0,Died,male,M,6,1,1,1,1,S,28.0,28.0
870,1.0,3,1,1,11.0,Survived,male,M,6,0,2,3,1,S,4.0,4.0
871,0.0,3,0,0,8.0,Died,male,M,6,0,1,1,1,S,26.0,26.0
872,1.0,1,1,1,53.0,Survived,female,D,35,0,4,3,0,S,47.0,47.0
873,0.0,1,0,0,5.0,Died,male,B,51,0,1,1,0,S,33.0,33.0
874,0.0,3,0,0,9.0,Died,male,M,6,0,1,1,1,S,47.0,47.0
875,1.0,2,1,0,24.0,Survived,female,M,6,0,4,2,1,C,28.0,28.0
876,1.0,3,0,0,7.0,Survived,female,M,6,0,3,1,1,C,15.0,15.0
877,0.0,3,0,0,10.0,Died,male,M,6,0,1,1,1,S,20.0,20.0
878,0.0,3,0,0,8.0,Died,male,M,6,0,1,1,1,S,19.0,19.0
879,0.0,3,0,0,8.0,Died,male,M,6,1,1,1,1,S,28.0,28.0
880,1.0,1,0,1,83.0,Survived,female,C,50,0,4,2,0,C,56.0,56.0
881,1.0,2,0,1,26.0,Survived,female,M,6,0,4,2,1,S,25.0,25.0
882,0.0,3,0,0,8.0,Died,male,M,6,0,1,1,1,S,33.0,33.0
883,0.0,3,0,0,11.0,Died,female,M,6,0,3,1,1,S,22.0,22.0
884,0.0,2,0,0,10.0,Died,male,M,6,0,1,1,1,S,28.0,28.0
885,0.0,3,0,0,7.0,Died,male,M,6,0,1,1,1,S,25.0,25.0
886,0.0,3,0,5,29.0,Died,female,M,6,0,4,6,1,Q,39.0,39.0
887,0.0,2,0,0,13.0,Died,male,M,6,0,6,1,1,S,27.0,27.0
888,1.0,1,0,0,30.0,Survived,female,B,42,0,3,1,0,S,19.0,19.0
889,0.0,3,1,2,23.0,Died,female,M,6,1,3,4,1,S,28.0,27.0
890,1.0,1,0,0,30.0,Survived,male,C,148,0,1,1,0,C,26.0,26.0
891,0.0,3,0,0,8.0,Died,male,M,6,0,1,1,1,Q,32.0,32.0
892,,3,0,0,8.0,,male,M,6,0,1,1,1,Q,34.0,34.0
893,,3,1,0,7.0,,female,M,6,0,4,2,1,S,47.0,47.0
894,,2,0,0,10.0,,male,M,6,0,1,1,1,Q,62.0,62.0
895,,3,0,0,9.0,,male,M,6,0,1,1,1,S,27.0,27.0
896,,3,1,1,12.0,,female,M,6,0,4,3,1,S,22.0,22.0
897,,3,0,0,9.0,,male,M,6,0,1,1,1,S,14.0,14.0
898,,3,0,0,8.0,,female,M,6,0,3,1,1,Q,30.0,30.0
899,,2,1,1,29.0,,male,M,6,0,1,3,1,S,26.0,26.0
900,,3,0,0,7.0,,female,M,6,0,4,1,1,C,18.0,18.0
901,,3,2,0,24.0,,male,M,6,0,1,3,1,S,21.0,21.0
902,,3,0,0,8.0,,male,M,6,1,1,1,1,S,28.0,28.0
903,,1,0,0,26.0,,male,M,6,0,1,1,1,S,46.0,46.0
904,,1,1,0,82.0,,female,B,45,0,4,2,0,S,23.0,23.0
905,,2,1,0,26.0,,male,M,6,0,1,2,1,S,63.0,63.0
906,,1,1,0,61.0,,female,E,31,0,4,2,0,S,47.0,47.0
907,,2,1,0,28.0,,female,M,6,0,4,2,1,C,24.0,24.0
908,,2,0,0,12.0,,male,M,6,0,1,1,1,Q,35.0,35.0
909,,3,0,0,7.0,,male,M,6,0,1,1,1,C,21.0,21.0
910,,3,1,0,8.0,,female,M,6,0,3,2,1,S,27.0,27.0
911,,3,0,0,7.0,,female,M,6,0,4,1,1,C,45.0,45.0
912,,1,1,0,59.0,,male,M,6,0,1,2,1,C,55.0,55.0
913,,3,0,1,3.0,,male,M,6,0,2,2,1,S,9.0,9.0
914,,1,0,0,32.0,,female,M,6,1,4,1,1,S,28.0,27.0
915,,1,0,1,61.0,,male,M,6,0,1,2,1,C,21.0,21.0
916,,1,1,3,262.0,,female,B,57,0,4,5,0,C,48.0,48.0
917,,3,1,0,14.0,,male,M,6,0,1,2,1,S,50.0,50.0
918,,1,0,1,62.0,,female,B,36,0,3,2,0,C,22.0,22.0
919,,3,0,0,7.0,,male,M,6,0,1,1,1,C,22.0,22.0
920,,1,0,0,30.0,,male,A,21,0,1,1,0,S,41.0,41.0
921,,3,2,0,22.0,,male,M,6,1,1,3,1,C,28.0,28.0
922,,2,1,0,26.0,,male,M,6,0,1,2,1,S,50.0,50.0
923,,2,2,0,32.0,,male,M,6,0,1,3,1,S,24.0,24.0
924,,3,1,2,21.0,,female,M,6,0,4,4,1,S,33.0,33.0
925,,3,1,2,23.0,,female,M,6,1,4,4,1,S,28.0,27.0
926,,1,1,0,58.0,,male,C,78,0,1,2,0,C,30.0,30.0
927,,3,0,0,7.0,,male,M,6,0,1,1,1,C,18.0,18.0
928,,3,0,0,8.0,,female,M,6,1,3,1,1,S,28.0,27.0
929,,3,0,0,9.0,,female,M,6,0,3,1,1,S,21.0,21.0
930,,3,0,0,10.0,,male,M,6,0,1,1,1,S,25.0,25.0
931,,3,0,0,56.0,,male,M,6,1,1,1,1,S,28.0,28.0
932,,3,0,1,13.0,,male,M,6,0,1,2,1,C,39.0,39.0
933,,1,0,0,27.0,,male,D,34,1,1,1,0,S,28.0,28.0
934,,3,0,0,8.0,,male,M,6,0,1,1,1,S,41.0,41.0
935,,2,0,0,13.0,,female,M,6,0,4,1,1,S,30.0,30.0
936,,1,1,0,53.0,,female,D,19,0,4,2,0,S,45.0,45.0
937,,3,0,0,8.0,,male,M,6,0,1,1,1,S,25.0,25.0
938,,1,0,0,30.0,,male,A,9,0,1,1,0,C,45.0,45.0
939,,3,0,0,8.0,,male,M,6,1,1,1,1,Q,28.0,28.0
940,,1,0,0,76.0,,female,D,15,0,4,1,0,C,60.0,60.0
941,,3,0,2,16.0,,female,M,6,0,4,3,1,S,36.0,36.0
942,,1,1,0,60.0,,male,C,31,0,1,2,0,S,24.0,24.0
943,,2,0,0,15.0,,male,M,6,0,1,1,1,C,27.0,27.0
944,,2,2,1,23.0,,female,M,6,0,3,4,1,S,20.0,20.0
945,,1,3,2,263.0,,female,C,23,0,3,6,0,S,28.0,28.0
946,,2,0,0,16.0,,male,M,6,1,1,1,1,C,28.0,28.0
947,,3,4,1,29.0,,male,M,6,0,2,6,1,Q,10.0,10.0
948,,3,0,0,8.0,,male,M,6,0,1,1,1,S,35.0,35.0
949,,3,0,0,8.0,,male,F,6,0,1,1,0,S,25.0,25.0
950,,3,1,0,16.0,,male,M,6,1,1,2,1,S,28.0,28.0
951,,1,0,0,262.0,,female,B,61,0,3,1,0,C,36.0,36.0
952,,3,0,0,8.0,,male,M,6,0,1,1,1,S,17.0,17.0
953,,2,0,0,14.0,,male,M,6,0,1,1,1,S,32.0,32.0
954,,3,0,0,8.0,,male,M,6,0,1,1,1,S,18.0,18.0
955,,3,0,0,8.0,,female,M,6,0,3,1,1,Q,22.0,22.0
956,,1,2,2,262.0,,male,B,57,0,2,5,0,C,13.0,13.0
957,,2,0,0,21.0,,female,M,6,1,4,1,1,S,28.0,27.0
958,,3,0,0,8.0,,female,M,6,0,3,1,1,Q,18.0,18.0
959,,1,0,0,42.0,,male,M,6,0,1,1,1,S,47.0,47.0
960,,1,0,0,29.0,,male,C,53,0,1,1,0,C,31.0,31.0
961,,1,1,4,263.0,,female,C,23,0,4,6,0,S,60.0,60.0
962,,3,0,0,8.0,,female,M,6,0,3,1,1,Q,24.0,24.0
963,,3,0,0,8.0,,male,M,6,0,1,1,1,S,21.0,21.0
964,,3,0,0,8.0,,female,M,6,0,3,1,1,S,29.0,29.0
965,,1,0,0,28.0,,male,D,43,0,1,1,0,C,28.0,28.0
966,,1,0,0,212.0,,female,C,130,0,3,1,0,C,35.0,35.0
967,,1,0,0,212.0,,male,C,132,0,1,1,0,C,32.0,32.0
968,,3,0,0,8.0,,male,M,6,1,1,1,1,S,28.0,28.0
969,,1,2,0,26.0,,female,C,101,0,4,3,0,S,55.0,55.0
970,,2,0,0,13.0,,male,M,6,0,1,1,1,S,30.0,30.0
971,,3,0,0,8.0,,female,M,6,0,3,1,1,Q,24.0,24.0
972,,3,1,1,15.0,,male,M,6,0,2,3,1,C,6.0,6.0
973,,1,1,0,222.0,,male,C,55,0,1,2,0,S,67.0,67.0
974,,1,0,0,26.0,,male,M,6,0,1,1,1,S,49.0,49.0
975,,3,0,0,8.0,,male,M,6,1,1,1,1,S,28.0,28.0
976,,2,0,0,11.0,,male,M,6,1,1,1,1,Q,28.0,28.0
977,,3,1,0,14.0,,male,M,6,1,1,2,1,C,28.0,28.0
978,,3,0,0,8.0,,female,M,6,0,3,1,1,Q,27.0,27.0
979,,3,0,0,8.0,,female,M,6,0,3,1,1,S,18.0,18.0
980,,3,0,0,8.0,,female,M,6,1,1,1,1,Q,28.0,27.0
981,,2,1,1,23.0,,male,M,6,0,2,3,1,S,2.0,2.0
982,,3,1,0,14.0,,female,M,6,0,4,2,1,S,22.0,22.0
983,,3,0,0,8.0,,male,M,6,1,1,1,1,S,28.0,28.0
984,,1,1,2,52.0,,female,B,71,0,4,4,0,S,27.0,27.0
985,,3,0,0,8.0,,male,M,6,1,1,1,1,S,28.0,28.0
986,,1,0,0,26.0,,male,M,6,0,1,1,1,C,25.0,25.0
987,,3,0,0,8.0,,male,M,6,0,1,1,1,S,25.0,25.0
988,,1,1,0,79.0,,female,C,46,0,4,2,0,S,76.0,76.0
989,,3,0,0,8.0,,male,M,6,0,1,1,1,S,29.0,29.0
990,,3,0,0,8.0,,female,M,6,0,3,1,1,S,20.0,20.0
991,,3,0,0,8.0,,male,M,6,0,1,1,1,S,33.0,33.0
992,,1,1,0,55.0,,female,C,116,0,4,2,0,C,43.0,43.0
993,,2,1,0,26.0,,male,M,6,0,1,2,1,S,27.0,27.0
994,,3,0,0,8.0,,male,M,6,1,1,1,1,Q,28.0,28.0
995,,3,0,0,8.0,,male,M,6,0,1,1,1,S,26.0,26.0
996,,3,1,1,9.0,,female,M,6,0,4,3,1,C,16.0,16.0
997,,3,0,0,23.0,,male,M,6,0,1,1,1,S,28.0,28.0
998,,3,0,0,8.0,,male,M,6,0,1,1,1,Q,21.0,21.0
999,,3,0,0,8.0,,male,M,6,1,1,1,1,Q,28.0,28.0
1000,,3,0,0,9.0,,male,M,6,1,1,1,1,S,28.0,28.0
1001,,2,0,0,13.0,,male,F,6,0,1,1,0,S,18.0,18.0
1002,,2,0,0,15.0,,male,M,6,0,1,1,1,C,41.0,41.0
1003,,3,0,0,8.0,,female,M,6,1,3,1,1,Q,28.0,27.0
1004,,1,0,0,32.0,,female,A,29,0,3,1,0,C,36.0,36.0
1005,,3,0,0,7.0,,female,M,6,0,3,1,1,Q,18.0,18.0
1006,,1,1,0,222.0,,female,C,55,0,4,2,0,S,63.0,63.0
1007,,3,1,0,14.0,,male,M,6,0,1,2,1,C,18.0,18.0
1008,,3,0,0,6.0,,male,M,6,1,1,1,1,C,28.0,28.0
1009,,3,1,1,17.0,,female,G,6,0,3,3,0,S,1.0,1.0
1010,,1,0,0,75.0,,male,C,6,0,1,1,0,C,36.0,36.0
1011,,2,1,0,26.0,,female,M,6,0,4,2,1,S,29.0,29.0
1012,,2,0,0,16.0,,female,M,6,0,3,1,1,S,12.0,12.0
1013,,3,1,0,8.0,,male,M,6,1,1,2,1,Q,28.0,28.0
1014,,1,1,0,58.0,,female,C,28,0,4,2,0,C,35.0,35.0
1015,,3,0,0,7.0,,male,M,6,0,1,1,1,S,28.0,28.0
1016,,3,0,0,8.0,,male,M,6,1,1,1,1,Q,28.0,28.0
1017,,3,0,1,16.0,,female,M,6,0,3,2,1,S,17.0,17.0
1018,,3,0,0,8.0,,male,M,6,0,1,1,1,S,22.0,22.0
1019,,3,2,0,23.0,,female,M,6,1,3,3,1,Q,28.0,27.0
1020,,2,0,0,13.0,,male,M,6,0,1,1,1,S,42.0,42.0
1021,,3,0,0,8.0,,male,M,6,0,1,1,1,S,24.0,24.0
1022,,3,0,0,8.0,,male,M,6,0,1,1,1,S,32.0,32.0
1023,,1,0,0,28.0,,male,C,51,0,6,1,0,C,53.0,53.0
1024,,3,0,4,25.0,,female,M,6,1,4,5,1,S,28.0,27.0
1025,,3,1,0,6.0,,male,M,6,1,1,2,1,C,28.0,28.0
1026,,3,0,0,8.0,,male,M,6,0,1,1,1,S,43.0,43.0
1027,,3,0,0,8.0,,male,M,6,0,1,1,1,S,24.0,24.0
1028,,3,0,0,7.0,,male,M,6,0,1,1,1,C,26.0,26.0
1029,,2,0,0,13.0,,male,M,6,0,1,1,1,S,26.0,26.0
1030,,3,0,0,8.0,,female,M,6,0,3,1,1,S,23.0,23.0
1031,,3,1,6,47.0,,male,M,6,0,1,8,1,S,40.0,40.0
1032,,3,5,2,47.0,,female,M,6,0,3,8,1,S,10.0,10.0
1033,,1,0,0,152.0,,female,M,6,0,3,1,1,S,33.0,33.0
1034,,1,1,3,262.0,,male,B,57,0,1,5,0,C,61.0,61.0
1035,,2,0,0,26.0,,male,M,6,0,1,1,1,S,28.0,28.0
1036,,1,0,0,27.0,,male,M,6,0,1,1,1,S,42.0,42.0
1037,,3,3,0,18.0,,male,M,6,0,1,4,1,S,31.0,31.0
1038,,1,0,0,52.0,,male,E,46,1,1,1,0,S,28.0,28.0
1039,,3,0,0,8.0,,male,M,6,0,1,1,1,S,22.0,22.0
1040,,1,0,0,27.0,,male,M,6,1,1,1,1,S,28.0,28.0
1041,,2,1,1,26.0,,male,M,6,0,6,3,1,S,30.0,30.0
1042,,1,0,1,83.0,,female,C,54,0,4,2,0,C,23.0,23.0
1043,,3,0,0,8.0,,male,M,6,1,1,1,1,C,28.0,28.0
1044,,3,0,0,14.0,,male,M,6,0,1,1,1,S,60.0,60.0
1045,,3,0,2,12.0,,female,M,6,0,4,3,1,S,36.0,36.0
1046,,3,4,2,31.0,,male,M,6,0,2,7,1,S,13.0,13.0
1047,,3,0,0,8.0,,male,M,6,0,1,1,1,S,24.0,24.0
1048,,1,0,0,222.0,,female,C,97,0,3,1,0,S,29.0,29.0
1049,,3,0,0,8.0,,female,M,6,0,3,1,1,S,23.0,23.0
1050,,1,0,0,27.0,,male,D,22,0,1,1,0,S,42.0,42.0
1051,,3,0,2,14.0,,female,M,6,0,4,3,1,S,26.0,26.0
1052,,3,0,0,8.0,,female,M,6,1,3,1,1,Q,28.0,27.0
1053,,3,1,1,15.0,,male,M,6,0,2,3,1,C,7.0,7.0
1054,,2,0,0,14.0,,female,M,6,0,3,1,1,S,26.0,26.0
1055,,3,0,0,7.0,,male,M,6,1,1,1,1,S,28.0,28.0
1056,,2,0,0,13.0,,male,M,6,0,6,1,1,S,41.0,41.0
1057,,3,1,1,22.0,,female,M,6,0,4,3,1,S,26.0,26.0
1058,,1,0,0,50.0,,male,B,10,0,1,1,0,C,48.0,48.0
1059,,3,2,2,34.0,,male,M,6,0,1,5,1,S,18.0,18.0
1060,,1,0,0,28.0,,female,M,6,1,4,1,1,C,28.0,27.0
1061,,3,0,0,9.0,,female,M,6,0,3,1,1,S,22.0,22.0
1062,,3,0,0,8.0,,male,M,6,1,1,1,1,S,28.0,28.0
1063,,3,0,0,7.0,,male,M,6,0,1,1,1,C,27.0,27.0
1064,,3,1,0,14.0,,male,M,6,0,1,2,1,S,23.0,23.0
1065,,3,0,0,7.0,,male,M,6,1,1,1,1,C,28.0,28.0
1066,,3,1,5,31.0,,male,M,6,0,1,7,1,S,40.0,40.0
1067,,2,0,2,39.0,,female,M,6,0,3,3,1,S,15.0,15.0
1068,,2,0,0,37.0,,female,M,6,0,3,1,1,S,20.0,20.0
1069,,1,1,0,55.0,,male,C,116,0,1,2,0,C,54.0,54.0
1070,,2,0,3,39.0,,female,F,4,0,4,4,0,S,36.0,36.0
1071,,1,0,2,83.0,,female,E,45,0,4,3,0,C,64.0,64.0
1072,,2,0,0,13.0,,male,M,6,0,1,1,1,S,30.0,30.0
1073,,1,1,1,83.0,,male,E,52,0,1,3,0,C,37.0,37.0
1074,,1,1,0,53.0,,female,D,30,0,4,2,0,S,18.0,18.0
1075,,3,0,0,8.0,,male,M,6,1,1,1,1,Q,28.0,28.0
1076,,1,1,1,248.0,,female,B,58,0,4,3,0,C,27.0,27.0
1077,,2,0,0,16.0,,male,M,6,0,1,1,1,S,40.0,40.0
1078,,2,0,1,21.0,,female,M,6,0,3,2,1,S,21.0,21.0
1079,,3,2,0,8.0,,male,M,6,0,1,3,1,S,17.0,17.0
1080,,3,8,2,70.0,,female,M,6,1,3,11,1,S,28.0,27.0
1081,,2,0,0,13.0,,male,M,6,0,1,1,1,S,40.0,40.0
1082,,2,1,0,26.0,,male,M,6,0,1,2,1,S,34.0,34.0
1083,,1,0,0,26.0,,male,M,6,1,1,1,1,S,28.0,28.0
1084,,3,1,1,14.0,,male,M,6,0,2,3,1,S,12.0,12.0
1085,,2,0,0,12.0,,male,M,6,0,1,1,1,Q,61.0,61.0
1086,,2,0,2,32.0,,male,M,6,0,2,3,1,S,8.0,8.0
1087,,3,0,0,8.0,,male,M,6,0,1,1,1,S,33.0,33.0
1088,,1,0,2,134.0,,male,E,34,0,2,3,0,C,6.0,6.0
1089,,3,0,0,8.0,,female,M,6,0,3,1,1,S,18.0,18.0
1090,,2,0,0,10.0,,male,M,6,0,1,1,1,S,23.0,23.0
1091,,3,0,0,8.0,,female,M,6,1,4,1,1,S,28.0,27.0
1092,,3,0,0,16.0,,female,M,6,1,3,1,1,Q,28.0,27.0
1093,,3,0,2,14.0,,male,M,6,0,2,3,1,S,0.0,0.0
1094,,1,1,0,228.0,,male,C,62,0,6,2,0,C,47.0,47.0
1095,,2,1,1,26.0,,female,M,6,0,3,3,1,S,8.0,8.0
1096,,2,0,0,10.0,,male,M,6,0,1,1,1,S,25.0,25.0
1097,,1,0,0,26.0,,male,M,6,1,1,1,1,C,28.0,28.0
1098,,3,0,0,8.0,,female,M,6,0,3,1,1,Q,35.0,35.0
1099,,2,0,0,10.0,,male,M,6,0,1,1,1,S,24.0,24.0
1100,,1,0,0,28.0,,female,A,11,0,3,1,0,C,33.0,33.0
1101,,3,0,0,8.0,,male,M,6,0,1,1,1,S,25.0,25.0
1102,,3,0,0,23.0,,male,M,6,0,1,1,1,S,32.0,32.0
1103,,3,0,0,7.0,,male,M,6,1,1,1,1,S,28.0,28.0
1104,,2,0,0,74.0,,male,M,6,0,1,1,1,S,17.0,17.0
1105,,2,1,0,26.0,,female,M,6,0,4,2,1,S,60.0,60.0
1106,,3,4,2,8.0,,female,M,6,0,3,7,1,S,38.0,38.0
1107,,1,0,0,42.0,,male,B,11,0,1,1,0,S,42.0,42.0
1108,,3,0,0,8.0,,female,M,6,1,3,1,1,Q,28.0,27.0
1109,,1,1,1,165.0,,male,M,6,0,1,3,1,S,57.0,57.0
1110,,1,1,1,212.0,,female,C,80,0,4,3,0,C,50.0,50.0
1111,,3,0,0,8.0,,male,M,6,1,1,1,1,S,28.0,28.0
1112,,2,1,0,14.0,,female,M,6,0,3,2,1,C,30.0,30.0
1113,,3,0,0,8.0,,male,M,6,0,1,1,1,S,21.0,21.0
1114,,2,0,0,10.0,,female,F,33,0,4,1,0,S,22.0,22.0
1115,,3,0,0,8.0,,male,M,6,0,1,1,1,S,21.0,21.0
1116,,1,0,0,27.0,,female,M,6,0,4,1,1,C,53.0,53.0
1117,,3,0,2,15.0,,female,M,6,1,4,3,1,C,28.0,27.0
1118,,3,0,0,8.0,,male,M,6,0,1,1,1,S,23.0,23.0
1119,,3,0,0,8.0,,female,M,6,1,3,1,1,Q,28.0,27.0
1120,,3,0,0,15.0,,male,M,6,0,1,1,1,S,40.0,40.0
1121,,2,0,0,13.0,,male,M,6,0,1,1,1,S,36.0,36.0
1122,,2,0,0,65.0,,male,M,6,0,1,1,1,S,14.0,14.0
1123,,1,0,0,27.0,,female,M,6,0,3,1,1,S,21.0,21.0
1124,,3,1,0,6.0,,male,M,6,0,1,2,1,S,21.0,21.0
1125,,3,0,0,8.0,,male,M,6,1,1,1,1,Q,28.0,28.0
1126,,1,1,0,71.0,,male,C,85,0,1,2,0,C,39.0,39.0
1127,,3,0,0,8.0,,male,M,6,0,1,1,1,S,20.0,20.0
1128,,1,1,0,75.0,,male,D,37,0,1,2,0,C,64.0,64.0
1129,,3,0,0,7.0,,male,M,6,0,1,1,1,C,20.0,20.0
1130,,2,1,1,13.0,,female,M,6,0,3,3,1,S,18.0,18.0
1131,,1,1,0,106.0,,female,C,86,0,4,2,0,C,48.0,48.0
1132,,1,0,0,28.0,,female,M,6,0,4,1,1,C,55.0,55.0
1133,,2,0,2,30.0,,female,M,6,0,4,3,1,S,45.0,45.0
1134,,1,1,1,134.0,,male,E,34,0,1,3,0,C,45.0,45.0
1135,,3,0,0,8.0,,male,M,6,1,1,1,1,S,28.0,28.0
1136,,3,1,2,23.0,,male,M,6,1,2,4,1,S,28.0,28.0
1137,,1,1,0,52.0,,male,D,21,0,1,2,0,S,41.0,41.0
1138,,2,0,0,21.0,,female,M,6,0,4,1,1,S,22.0,22.0
1139,,2,1,1,32.0,,male,M,6,0,1,3,1,S,42.0,42.0
1140,,2,1,0,26.0,,female,M,6,0,4,2,1,S,29.0,29.0
1141,,3,1,0,14.0,,female,M,6,1,4,2,1,C,28.0,27.0
1142,,2,1,2,28.0,,female,M,6,0,3,4,1,S,1.0,1.0
1143,,3,0,0,8.0,,male,M,6,0,1,1,1,S,20.0,20.0
1144,,1,1,0,137.0,,male,C,89,0,1,2,0,C,27.0,27.0
1145,,3,0,0,9.0,,male,M,6,0,1,1,1,S,24.0,24.0
1146,,3,0,0,10.0,,male,M,6,0,1,1,1,S,32.0,32.0
1147,,3,0,0,8.0,,male,M,6,1,1,1,1,S,28.0,28.0
1148,,3,0,0,8.0,,male,M,6,1,1,1,1,Q,28.0,28.0
1149,,3,0,0,8.0,,male,M,6,0,1,1,1,S,28.0,28.0
1150,,2,0,0,13.0,,female,M,6,0,3,1,1,S,19.0,19.0
1151,,3,0,0,8.0,,male,M,6,0,1,1,1,S,21.0,21.0
1152,,3,1,0,17.0,,male,M,6,0,1,2,1,S,36.0,36.0
1153,,3,0,0,8.0,,male,M,6,0,1,1,1,S,21.0,21.0
1154,,2,0,2,23.0,,female,M,6,0,4,3,1,S,29.0,29.0
1155,,3,1,1,12.0,,female,M,6,0,3,3,1,S,1.0,1.0
1156,,2,0,0,13.0,,male,M,6,0,1,1,1,C,30.0,30.0
1157,,3,0,0,8.0,,male,M,6,1,1,1,1,S,28.0,28.0
1158,,1,0,0,0.0,,male,M,6,1,1,1,1,S,28.0,28.0
1159,,3,0,0,8.0,,male,M,6,1,1,1,1,S,28.0,28.0
1160,,3,0,0,8.0,,female,M,6,1,3,1,1,S,28.0,27.0
1161,,3,0,0,9.0,,male,M,6,0,1,1,1,S,17.0,17.0
1162,,1,0,0,75.0,,male,C,6,0,1,1,0,C,46.0,46.0
1163,,3,0,0,8.0,,male,M,6,1,1,1,1,Q,28.0,28.0
1164,,1,1,0,137.0,,female,C,89,0,4,2,0,C,26.0,26.0
1165,,3,1,0,16.0,,female,M,6,1,3,2,1,Q,28.0,27.0
1166,,3,0,0,7.0,,male,M,6,1,1,1,1,C,28.0,28.0
1167,,2,1,0,26.0,,female,M,6,0,3,2,1,S,20.0,20.0
1168,,2,0,0,10.0,,male,M,6,0,1,1,1,S,28.0,28.0
1169,,2,1,0,26.0,,male,M,6,0,1,2,1,S,40.0,40.0
1170,,2,1,0,21.0,,male,M,6,0,1,2,1,S,30.0,30.0
1171,,2,0,0,10.0,,male,M,6,0,1,1,1,S,22.0,22.0
1172,,3,0,0,9.0,,female,M,6,0,3,1,1,S,23.0,23.0
1173,,3,1,1,14.0,,male,M,6,0,2,3,1,S,1.0,1.0
1174,,3,0,0,8.0,,female,M,6,1,3,1,1,Q,28.0,27.0
1175,,3,1,1,15.0,,female,M,6,0,3,3,1,C,9.0,9.0
1176,,3,1,1,20.0,,female,M,6,0,3,3,1,S,2.0,2.0
1177,,3,0,0,7.0,,male,M,6,0,1,1,1,S,36.0,36.0
1178,,3,0,0,7.0,,male,M,6,1,1,1,1,S,28.0,28.0
1179,,1,1,0,82.0,,male,B,45,0,1,2,0,S,24.0,24.0
1180,,3,0,0,7.0,,male,F,6,1,1,1,0,C,28.0,28.0
1181,,3,0,0,8.0,,male,M,6,1,1,1,1,S,28.0,28.0
1182,,1,0,0,40.0,,male,M,6,1,1,1,1,S,28.0,28.0
1183,,3,0,0,7.0,,female,M,6,0,3,1,1,Q,30.0,30.0
1184,,3,0,0,7.0,,male,M,6,1,1,1,1,C,28.0,28.0
1185,,1,1,1,82.0,,male,A,34,0,6,3,0,S,53.0,53.0
1186,,3,0,0,10.0,,male,M,6,0,1,1,1,S,36.0,36.0
1187,,3,0,0,8.0,,male,M,6,0,1,1,1,S,26.0,26.0
1188,,2,1,2,42.0,,female,M,6,0,3,4,1,C,1.0,1.0
1189,,3,2,0,22.0,,male,M,6,1,1,3,1,C,28.0,28.0
1190,,1,0,0,46.0,,male,M,6,0,1,1,1,S,30.0,30.0
1191,,3,0,0,8.0,,male,M,6,0,1,1,1,S,29.0,29.0
1192,,3,0,0,8.0,,male,M,6,0,1,1,1,S,32.0,32.0
1193,,2,0,0,15.0,,male,D,6,1,1,1,0,C,28.0,28.0
1194,,2,0,1,21.0,,male,M,6,0,1,2,1,S,43.0,43.0
1195,,3,0,0,9.0,,male,M,6,0,1,1,1,S,24.0,24.0
1196,,3,0,0,8.0,,female,M,6,1,3,1,1,Q,28.0,27.0
1197,,1,1,1,27.0,,female,B,26,0,4,3,0,S,64.0,64.0
1198,,1,1,2,152.0,,male,C,22,0,1,4,0,S,30.0,30.0
1199,,3,0,1,9.0,,male,M,6,0,2,2,1,S,1.0,1.0
1200,,1,1,1,94.0,,male,B,69,0,1,3,0,S,55.0,55.0
1201,,3,1,0,14.0,,female,M,6,0,4,2,1,S,45.0,45.0
1202,,3,0,0,9.0,,male,M,6,0,1,1,1,S,18.0,18.0
1203,,3,0,0,7.0,,male,M,6,0,1,1,1,C,22.0,22.0
1204,,3,0,0,8.0,,male,M,6,1,1,1,1,S,28.0,28.0
1205,,3,0,0,8.0,,female,M,6,0,3,1,1,Q,37.0,37.0
1206,,1,0,0,136.0,,female,C,32,0,4,1,0,C,55.0,55.0
1207,,3,0,0,8.0,,female,M,6,0,3,1,1,Q,17.0,17.0
1208,,1,1,0,147.0,,male,B,78,0,1,2,0,C,57.0,57.0
1209,,2,0,0,10.0,,male,M,6,0,1,1,1,S,19.0,19.0
1210,,3,0,0,8.0,,male,M,6,0,1,1,1,S,27.0,27.0
1211,,2,2,0,32.0,,male,M,6,0,1,3,1,S,22.0,22.0
1212,,3,0,0,8.0,,male,M,6,0,1,1,1,S,26.0,26.0
1213,,3,0,0,7.0,,male,F,6,0,1,1,0,C,25.0,25.0
1214,,2,0,0,13.0,,male,F,2,0,1,1,0,S,26.0,26.0
1215,,1,0,0,27.0,,male,M,6,0,1,1,1,S,33.0,33.0
1216,,1,0,0,211.0,,female,M,6,0,3,1,1,S,39.0,39.0
1217,,3,0,0,7.0,,male,M,6,0,1,1,1,S,23.0,23.0
1218,,2,2,1,39.0,,female,F,4,0,3,4,0,S,12.0,12.0
1219,,1,0,0,79.0,,male,M,6,0,1,1,1,C,46.0,46.0
1220,,2,1,0,26.0,,male,M,6,0,1,2,1,S,29.0,29.0
1221,,2,0,0,13.0,,male,M,6,0,1,1,1,S,21.0,21.0
1222,,2,0,2,37.0,,female,M,6,0,4,3,1,S,48.0,48.0
1223,,1,0,0,30.0,,male,A,18,0,1,1,0,C,39.0,39.0
1224,,3,0,0,7.0,,male,M,6,1,1,1,1,C,28.0,28.0
1225,,3,1,1,16.0,,female,M,6,0,4,3,1,C,19.0,19.0
1226,,3,0,0,8.0,,male,M,6,0,1,1,1,S,27.0,27.0
1227,,1,0,0,26.0,,male,C,106,0,1,1,0,S,30.0,30.0
1228,,2,0,0,13.0,,male,M,6,0,1,1,1,S,32.0,32.0
1229,,3,0,2,7.0,,male,M,6,0,1,3,1,C,39.0,39.0
1230,,2,0,0,32.0,,male,M,6,0,1,1,1,S,25.0,25.0
1231,,3,0,0,7.0,,male,M,6,1,2,1,1,C,28.0,28.0
1232,,2,0,0,10.0,,male,M,6,0,1,1,1,S,18.0,18.0
1233,,3,0,0,8.0,,male,M,6,0,1,1,1,S,32.0,32.0
1234,,3,1,9,70.0,,male,M,6,1,1,11,1,S,28.0,28.0
1235,,1,0,1,512.0,,female,B,51,0,4,2,0,C,58.0,58.0
1236,,3,1,1,14.0,,male,M,6,1,2,3,1,S,28.0,28.0
1237,,3,0,0,8.0,,female,M,6,0,3,1,1,S,16.0,16.0
1238,,2,0,0,13.0,,male,M,6,0,1,1,1,S,26.0,26.0
1239,,3,0,0,7.0,,female,M,6,0,4,1,1,C,38.0,38.0
1240,,2,0,0,14.0,,male,M,6,0,1,1,1,S,24.0,24.0
1241,,2,0,0,21.0,,female,M,6,0,3,1,1,S,31.0,31.0
1242,,1,0,1,63.0,,female,D,10,0,4,2,0,C,45.0,45.0
1243,,2,0,0,10.0,,male,M,6,0,1,1,1,S,25.0,25.0
1244,,2,0,0,74.0,,male,M,6,0,1,1,1,S,18.0,18.0
1245,,2,1,2,65.0,,male,M,6,0,1,4,1,S,49.0,49.0
1246,,3,1,2,21.0,,female,M,6,0,3,4,1,S,0.0,0.0
1247,,1,0,0,26.0,,male,E,60,0,1,1,0,S,50.0,50.0
1248,,1,2,0,51.0,,female,C,101,0,4,3,0,S,59.0,59.0
1249,,3,0,0,8.0,,male,M,6,1,1,1,1,S,28.0,28.0
1250,,3,0,0,8.0,,male,M,6,1,1,1,1,Q,28.0,28.0
1251,,3,1,0,16.0,,female,M,6,0,4,2,1,S,30.0,30.0
1252,,3,8,2,70.0,,male,M,6,0,2,11,1,S,14.0,14.0
1253,,2,1,1,37.0,,female,M,6,0,4,3,1,C,24.0,24.0
1254,,2,0,0,21.0,,female,M,6,0,4,1,1,S,31.0,31.0
1255,,3,0,0,9.0,,male,M,6,0,1,1,1,S,27.0,27.0
1256,,1,1,0,55.0,,female,E,50,0,4,2,0,C,25.0,25.0
1257,,3,1,9,70.0,,female,M,6,1,4,11,1,S,28.0,27.0
1258,,3,1,0,14.0,,male,M,6,1,1,2,1,C,28.0,28.0
1259,,3,0,0,40.0,,female,M,6,0,3,1,1,S,22.0,22.0
1260,,1,0,1,59.0,,female,M,6,0,4,2,1,C,45.0,45.0
1261,,2,0,0,14.0,,male,M,6,0,1,1,1,C,29.0,29.0
1262,,2,1,0,12.0,,male,M,6,0,1,2,1,S,21.0,21.0
1263,,1,0,0,134.0,,female,E,39,0,3,1,0,C,31.0,31.0
1264,,1,0,0,0.0,,male,B,52,0,1,1,0,S,49.0,49.0
1265,,2,0,0,13.0,,male,M,6,0,1,1,1,S,44.0,44.0
1266,,1,1,1,82.0,,female,A,34,0,4,3,0,S,54.0,54.0
1267,,1,0,0,262.0,,female,M,6,0,3,1,1,C,45.0,45.0
1268,,3,2,0,9.0,,female,M,6,0,3,3,1,S,22.0,22.0
1269,,2,0,0,12.0,,male,M,6,0,1,1,1,S,21.0,21.0
1270,,1,0,0,50.0,,male,C,39,0,1,1,0,S,55.0,55.0
1271,,3,4,2,31.0,,male,M,6,0,2,7,1,S,5.0,5.0
1272,,3,0,0,8.0,,male,M,6,1,1,1,1,Q,28.0,28.0
1273,,3,0,0,8.0,,male,M,6,0,1,1,1,Q,26.0,26.0
1274,,3,0,0,14.0,,female,M,6,1,4,1,1,S,28.0,27.0
1275,,3,1,0,16.0,,female,M,6,0,4,2,1,S,19.0,19.0
1276,,2,0,0,13.0,,male,M,6,1,1,1,1,S,28.0,28.0
1277,,2,1,2,65.0,,female,M,6,0,3,4,1,S,24.0,24.0
1278,,3,0,0,8.0,,male,M,6,0,1,1,1,S,24.0,24.0
1279,,2,0,0,13.0,,male,M,6,0,1,1,1,S,57.0,57.0
1280,,3,0,0,8.0,,male,M,6,0,1,1,1,Q,21.0,21.0
1281,,3,3,1,21.0,,male,M,6,0,2,5,1,S,6.0,6.0
1282,,1,0,0,94.0,,male,B,24,0,1,1,0,S,23.0,23.0
1283,,1,0,1,39.0,,female,D,28,0,4,2,0,S,51.0,51.0
1284,,3,0,2,20.0,,male,M,6,0,2,3,1,S,13.0,13.0
1285,,2,0,0,10.0,,male,M,6,0,1,1,1,S,47.0,47.0
1286,,3,3,1,22.0,,male,M,6,0,1,5,1,S,29.0,29.0
1287,,1,1,0,60.0,,female,C,31,0,4,2,0,S,18.0,18.0
1288,,3,0,0,7.0,,male,M,6,0,1,1,1,Q,24.0,24.0
1289,,1,1,1,79.0,,female,B,41,0,4,3,0,C,48.0,48.0
1290,,3,0,0,8.0,,male,M,6,0,1,1,1,S,22.0,22.0
1291,,3,0,0,8.0,,male,M,6,0,1,1,1,Q,31.0,31.0
1292,,1,0,0,165.0,,female,C,7,0,3,1,0,S,30.0,30.0
1293,,2,1,0,21.0,,male,M,6,0,1,2,1,S,38.0,38.0
1294,,1,0,1,59.0,,female,M,6,0,3,2,1,C,22.0,22.0
1295,,1,0,0,47.0,,male,M,6,0,1,1,1,S,17.0,17.0
1296,,1,1,0,28.0,,male,D,40,0,1,2,0,C,43.0,43.0
1297,,2,0,0,14.0,,male,D,38,0,1,1,0,C,20.0,20.0
1298,,2,1,0,10.0,,male,M,6,0,1,2,1,S,23.0,23.0
1299,,1,1,1,212.0,,male,C,80,0,1,3,0,C,50.0,50.0
1300,,3,0,0,8.0,,female,M,6,1,3,1,1,Q,28.0,27.0
1301,,3,1,1,14.0,,female,M,6,0,3,3,1,S,3.0,3.0
1302,,3,0,0,8.0,,female,M,6,1,3,1,1,Q,28.0,27.0
1303,,1,1,0,90.0,,female,C,78,0,4,2,0,Q,37.0,37.0
1304,,3,0,0,8.0,,female,M,6,0,3,1,1,S,28.0,28.0
1305,,3,0,0,8.0,,male,M,6,1,1,1,1,S,28.0,28.0
1306,,1,0,0,109.0,,female,C,105,0,5,1,0,C,39.0,39.0
1307,,3,0,0,7.0,,male,M,6,0,1,1,1,S,38.0,38.0
1308,,3,0,0,8.0,,male,M,6,1,1,1,1,S,28.0,28.0
1309,,3,1,1,22.0,,male,M,6,1,2,3,1,C,28.0,28.0
