PassengerId,Pclass,SibSp,Sex,Fare,Deck,Embarked,Title,Age,Family_Size
1,3,1,male,7.0,M,S,1,22.0,2
2,1,1,female,71.0,C,C,4,38.0,2
3,3,0,female,8.0,M,S,3,26.0,1
4,1,1,female,53.0,C,S,4,35.0,2
5,3,0,male,8.0,M,S,1,35.0,1
6,3,0,male,8.0,M,Q,1,,1
7,1,0,male,52.0,E,S,1,54.0,1
8,3,3,male,21.0,M,S,2,2.0,5
9,3,0,female,11.0,M,S,4,27.0,3
10,2,1,female,30.0,M,C,4,14.0,2
11,3,1,female,17.0,G,S,3,4.0,3
12,1,0,female,27.0,C,S,3,58.0,1
13,3,0,male,8.0,M,S,1,20.0,1
14,3,1,male,31.0,M,S,1,39.0,7
15,3,0,female,8.0,M,S,3,14.0,1
16,2,0,female,16.0,M,S,4,55.0,1
17,3,4,male,29.0,M,Q,2,2.0,6
18,2,0,male,13.0,M,S,1,,1
19,3,1,female,18.0,M,S,4,31.0,2
20,3,0,female,7.0,M,C,4,,1
21,2,0,male,26.0,M,S,1,35.0,1
22,2,0,male,13.0,D,S,1,34.0,1
23,3,0,female,8.0,M,Q,3,15.0,1
24,1,0,male,36.0,A,S,1,28.0,1
25,3,3,female,21.0,M,S,3,8.0,5
26,3,1,female,31.0,M,S,4,38.0,7
27,3,0,male,7.0,M,C,1,,1
28,1,3,male,263.0,C,S,1,19.0,6
29,3,0,female,8.0,M,Q,3,,1
30,3,0,male,8.0,M,S,1,,1
31,1,0,male,28.0,M,C,5,40.0,1
32,1,1,female,147.0,B,C,4,,2
33,3,0,female,8.0,M,Q,3,,1
34,2,0,male,10.0,M,S,1,66.0,1
35,1,1,male,82.0,M,C,1,28.0,2
36,1,1,male,52.0,M,S,1,42.0,2
37,3,0,male,7.0,M,C,1,,1
38,3,0,male,8.0,M,S,1,21.0,1
39,3,2,female,18.0,M,S,3,18.0,3
40,3,1,female,11.0,M,C,3,14.0,2
41,3,1,female,9.0,M,S,4,40.0,2
42,2,1,female,21.0,M,S,4,27.0,2
43,3,0,male,8.0,M,C,1,,1
44,2,1,female,42.0,M,C,3,3.0,4
45,3,0,female,8.0,M,Q,3,19.0,1
46,3,0,male,8.0,M,S,1,,1
47,3,1,male,16.0,M,Q,1,,2
48,3,0,female,8.0,M,Q,3,,1
49,3,2,male,22.0,M,C,1,,3
50,3,1,female,18.0,M,S,4,18.0,2
51,3,4,male,40.0,M,S,2,7.0,6
52,3,0,male,8.0,M,S,1,21.0,1
53,1,1,female,77.0,D,C,4,49.0,2
54,2,1,female,26.0,M,S,4,29.0,2
55,1,0,male,62.0,B,C,1,65.0,2
56,1,0,male,36.0,C,S,1,,1
57,2,0,female,10.0,M,S,3,21.0,1
58,3,0,male,7.0,M,C,1,28.0,1
59,2,1,female,28.0,M,S,3,5.0,4
60,3,5,male,47.0,M,S,2,11.0,8
61,3,0,male,7.0,M,C,1,22.0,1
62,1,0,female,80.0,B,S,3,38.0,1
63,1,1,male,83.0,C,S,1,45.0,2
64,3,3,male,28.0,M,S,2,4.0,6
65,1,0,male,28.0,M,C,1,,1
66,3,1,male,15.0,M,C,2,,3
67,2,0,female,10.0,F,S,4,29.0,1
68,3,0,male,8.0,M,S,1,19.0,1
69,3,4,female,8.0,M,S,3,17.0,7
70,3,2,male,9.0,M,S,1,26.0,3
71,2,0,male,10.0,M,S,1,32.0,1
72,3,5,female,47.0,M,S,3,16.0,8
73,2,0,male,74.0,M,S,1,21.0,1
74,3,1,male,14.0,M,C,1,26.0,2
75,3,0,male,56.0,M,S,1,32.0,1
76,3,0,male,8.0,F,S,1,25.0,1
77,3,0,male,8.0,M,S,1,,1
78,3,0,male,8.0,M,S,1,,1
79,2,0,male,29.0,M,S,2,1.0,3
80,3,0,female,12.0,M,S,3,30.0,1
81,3,0,male,9.0,M,S,1,22.0,1
82,3,0,male,10.0,M,S,1,29.0,1
83,3,0,female,8.0,M,Q,3,,1
84,1,0,male,47.0,M,S,1,28.0,1
85,2,0,female,10.0,M,S,3,17.0,1
86,3,3,female,16.0,M,S,4,33.0,4
87,3,1,male,34.0,M,S,1,16.0,5
88,3,0,male,8.0,M,S,1,,1
89,1,3,female,263.0,C,S,3,23.0,6
90,3,0,male,8.0,M,S,1,24.0,1
91,3,0,male,8.0,M,S,1,29.0,1
92,3,0,male,8.0,M,S,1,20.0,1
93,1,1,male,61.0,E,S,1,46.0,2
94,3,1,male,21.0,M,S,1,26.0,4
95,3,0,male,7.0,M,S,1,59.0,1
96,3,0,male,8.0,M,S,1,,1
97,1,0,male,35.0,A,C,1,71.0,1
98,1,0,male,63.0,D,C,1,23.0,2
99,2,0,female,23.0,M,S,4,34.0,2
100,2,1,male,26.0,M,S,1,34.0,2
101,3,0,female,8.0,M,S,3,28.0,1
102,3,0,male,8.0,M,S,1,,1
103,1,0,male,77.0,D,S,1,21.0,2
104,3,0,male,9.0,M,S,1,33.0,1
105,3,2,male,8.0,M,S,1,37.0,3
106,3,0,male,8.0,M,S,1,28.0,1
107,3,0,female,8.0,M,S,3,21.0,1
108,3,0,male,8.0,M,S,1,,1
109,3,0,male,8.0,M,S,1,38.0,1
110,3,1,female,24.0,M,Q,3,,2
111,1,0,male,52.0,C,S,1,47.0,1
112,3,1,female,14.0,M,C,3,14.0,2
113,3,0,male,8.0,M,S,1,22.0,1
114,3,1,female,10.0,M,S,3,20.0,2
115,3,0,female,14.0,M,C,3,17.0,1
116,3,0,male,8.0,M,S,1,21.0,1
117,3,0,male,8.0,M,Q,1,70.0,1
118,2,1,male,21.0,M,S,1,29.0,2
119,1,0,male,248.0,B,C,1,24.0,2
120,3,4,female,31.0,M,S,3,2.0,7
121,2,2,male,74.0,M,S,1,21.0,3
122,3,0,male,8.0,M,S,1,,1
123,2,1,male,30.0,M,C,1,32.0,2
124,2,0,female,13.0,E,S,3,32.0,1
125,1,0,male,77.0,D,S,1,54.0,2
126,3,1,male,11.0,M,C,2,12.0,2
127,3,0,male,8.0,M,Q,1,,1
128,3,0,male,7.0,M,S,1,24.0,1
129,3,1,female,22.0,F,C,3,,3
130,3,0,male,7.0,M,S,1,45.0,1
131,3,0,male,8.0,M,C,1,33.0,1
132,3,0,male,7.0,M,S,1,20.0,1
133,3,1,female,14.0,M,S,4,47.0,2
134,2,1,female,26.0,M,S,4,29.0,2
135,2,0,male,13.0,M,S,1,25.0,1
136,2,0,male,15.0,M,C,1,23.0,1
137,1,0,female,26.0,D,S,3,19.0,3
138,1,1,male,53.0,C,S,1,37.0,2
139,3,0,male,9.0,M,S,1,16.0,1
140,1,0,male,79.0,B,C,1,24.0,1
141,3,0,female,15.0,M,C,4,,3
142,3,0,female,8.0,M,S,3,22.0,1
143,3,1,female,16.0,M,S,4,24.0,2
144,3,0,male,7.0,M,Q,1,19.0,1
145,2,0,male,12.0,M,S,1,18.0,1
146,2,1,male,37.0,M,S,1,19.0,3
147,3,0,male,8.0,M,S,1,27.0,1
148,3,2,female,34.0,M,S,3,9.0,5
149,2,0,male,26.0,F,S,1,36.0,3
150,2,0,male,13.0,M,S,6,42.0,1
151,2,0,male,13.0,M,S,6,51.0,1
152,1,1,female,67.0,C,S,4,22.0,2
153,3,0,male,8.0,M,S,1,56.0,1
154,3,0,male,14.0,M,S,1,40.0,3
155,3,0,male,7.0,M,S,1,,1
156,1,0,male,61.0,M,C,1,51.0,2
157,3,0,female,8.0,M,Q,3,16.0,1
158,3,0,male,8.0,M,S,1,30.0,1
159,3,0,male,9.0,M,S,1,,1
160,3,8,male,70.0,M,S,2,,11
161,3,0,male,16.0,M,S,1,44.0,2
162,2,0,female,16.0,M,S,4,40.0,1
163,3,0,male,8.0,M,S,1,26.0,1
164,3,0,male,9.0,M,S,1,17.0,1
165,3,4,male,40.0,M,S,2,1.0,6
166,3,0,male,21.0,M,S,2,9.0,3
167,1,0,female,55.0,E,S,4,,2
168,3,1,female,28.0,M,S,4,45.0,6
169,1,0,male,26.0,M,S,1,,1
170,3,0,male,56.0,M,S,1,28.0,1
171,1,0,male,34.0,B,S,1,61.0,1
172,3,4,male,29.0,M,Q,2,4.0,6
173,3,1,female,11.0,M,S,3,1.0,3
174,3,0,male,8.0,M,S,1,21.0,1
175,1,0,male,31.0,A,C,1,56.0,1
176,3,1,male,8.0,M,S,1,18.0,3
177,3,3,male,25.0,M,S,2,,5
178,1,0,female,29.0,C,C,3,50.0,1
179,2,0,male,13.0,M,S,1,30.0,1
180,3,0,male,0.0,M,S,1,36.0,1
181,3,8,female,70.0,M,S,3,,11
182,2,0,male,15.0,M,C,1,,1
183,3,4,male,31.0,M,S,2,9.0,7
184,2,2,male,39.0,F,S,2,1.0,4
185,3,0,female,22.0,M,S,3,4.0,3
186,1,0,male,50.0,A,S,1,,1
187,3,1,female,16.0,M,Q,4,,2
188,1,0,male,27.0,M,S,1,45.0,1
189,3,1,male,16.0,M,Q,1,40.0,3
190,3,0,male,8.0,M,S,1,36.0,1
191,2,0,female,13.0,M,S,4,32.0,1
192,2,0,male,13.0,M,S,1,19.0,1
193,3,1,female,8.0,M,S,3,19.0,2
194,2,1,male,26.0,F,S,2,3.0,3
195,1,0,female,28.0,B,C,4,44.0,1
196,1,0,female,147.0,B,C,3,58.0,1
197,3,0,male,8.0,M,Q,1,,1
198,3,0,male,8.0,M,S,1,42.0,2
199,3,0,female,8.0,M,Q,3,,1
200,2,0,female,13.0,M,S,3,24.0,1
201,3,0,male,10.0,M,S,1,28.0,1
202,3,8,male,70.0,M,S,1,,11
203,3,0,male,6.0,M,S,1,34.0,1
204,3,0,male,7.0,M,C,1,46.0,1
205,3,0,male,8.0,M,S,1,18.0,1
206,3,0,female,10.0,G,S,3,2.0,2
207,3,1,male,16.0,M,S,1,32.0,2
208,3,0,male,19.0,M,C,1,26.0,1
209,3,0,female,8.0,M,Q,3,16.0,1
210,1,0,male,31.0,A,C,1,40.0,1
211,3,0,male,7.0,M,S,1,24.0,1
212,2,0,female,21.0,M,S,3,35.0,1
213,3,0,male,7.0,M,S,1,22.0,1
214,2,0,male,13.0,M,S,1,30.0,1
215,3,1,male,8.0,M,Q,1,,2
216,1,1,female,113.0,D,C,3,31.0,2
217,3,0,female,8.0,M,S,3,27.0,1
218,2,1,male,27.0,M,S,1,42.0,2
219,1,0,female,76.0,D,C,3,32.0,1
220,2,0,male,10.0,M,S,1,30.0,1
221,3,0,male,8.0,M,S,1,16.0,1
222,2,0,male,13.0,M,S,1,27.0,1
223,3,0,male,8.0,M,S,1,51.0,1
224,3,0,male,8.0,M,S,1,,1
225,1,1,male,90.0,C,S,1,38.0,2
226,3,0,male,9.0,M,S,1,22.0,1
227,2,0,male,10.0,M,S,1,19.0,1
228,3,0,male,7.0,M,S,1,20.0,1
229,2,0,male,13.0,M,S,1,18.0,1
230,3,3,female,25.0,M,S,3,,5
231,1,1,female,83.0,C,S,4,35.0,2
232,3,0,male,8.0,M,S,1,29.0,1
233,2,0,male,14.0,M,S,1,59.0,1
234,3,4,female,31.0,M,S,3,5.0,7
235,2,0,male,10.0,M,S,1,24.0,1
236,3,0,female,8.0,M,S,3,,1
237,2,1,male,26.0,M,S,1,44.0,2
238,2,0,female,26.0,M,S,3,8.0,3
239,2,0,male,10.0,M,S,1,19.0,1
240,2,0,male,12.0,M,S,1,33.0,1
241,3,1,female,14.0,M,C,3,,2
242,3,1,female,16.0,M,Q,3,,2
243,2,0,male,10.0,M,S,1,29.0,1
244,3,0,male,7.0,M,S,1,22.0,1
245,3,0,male,7.0,M,C,1,30.0,1
246,1,2,male,90.0,C,Q,6,44.0,3
247,3,0,female,8.0,M,S,3,25.0,1
248,2,0,female,14.0,M,S,4,24.0,3
249,1,1,male,53.0,D,S,1,37.0,3
250,2,1,male,26.0,M,S,6,54.0,2
251,3,0,male,7.0,M,S,1,,1
252,3,1,female,10.0,G,S,4,29.0,3
253,1,0,male,27.0,C,S,1,62.0,1
254,3,1,male,16.0,M,S,1,30.0,2
255,3,0,female,20.0,M,S,4,41.0,3
256,3,0,female,15.0,M,C,4,29.0,3
257,1,0,female,79.0,M,C,4,,1
258,1,0,female,86.0,B,S,3,30.0,1
259,1,0,female,512.0,M,C,3,35.0,1
260,2,0,female,26.0,M,S,4,50.0,2
261,3,0,male,8.0,M,Q,1,,1
262,3,4,male,31.0,M,S,2,3.0,7
263,1,1,male,80.0,E,S,1,52.0,3
264,1,0,male,0.0,B,S,1,40.0,1
265,3,0,female,8.0,M,Q,3,,1
266,2,0,male,10.0,M,S,1,36.0,1
267,3,4,male,40.0,M,S,1,16.0,6
268,3,1,male,8.0,M,S,1,25.0,2
269,1,0,female,153.0,C,S,4,58.0,2
270,1,0,female,136.0,C,S,3,35.0,1
271,1,0,male,31.0,M,S,1,,1
272,3,0,male,0.0,M,S,1,25.0,1
273,2,0,female,20.0,M,S,4,41.0,2
274,1,0,male,30.0,C,C,1,37.0,2
275,3,0,female,8.0,M,Q,3,,1
276,1,1,female,78.0,D,S,3,63.0,2
277,3,0,female,8.0,M,S,3,45.0,1
278,2,0,male,0.0,M,S,1,,1
279,3,4,male,29.0,M,Q,2,7.0,6
280,3,1,female,20.0,M,S,4,35.0,3
281,3,0,male,8.0,M,Q,1,65.0,1
282,3,0,male,8.0,M,S,1,28.0,1
283,3,0,male,10.0,M,S,1,16.0,1
284,3,0,male,8.0,M,S,1,19.0,1
285,1,0,male,26.0,A,S,1,,1
286,3,0,male,9.0,M,C,1,33.0,1
287,3,0,male,10.0,M,S,1,30.0,1
288,3,0,male,8.0,M,S,1,22.0,1
289,2,0,male,13.0,M,S,1,42.0,1
290,3,0,female,8.0,M,Q,3,22.0,1
291,1,0,female,79.0,M,S,3,26.0,1
292,1,1,female,91.0,B,C,4,19.0,2
293,2,0,male,13.0,D,C,1,36.0,1
294,3,0,female,9.0,M,S,3,24.0,1
295,3,0,male,8.0,M,S,1,24.0,1
296,1,0,male,28.0,M,C,1,,1
297,3,0,male,7.0,M,C,1,24.0,1
298,1,1,female,152.0,C,S,3,2.0,4
299,1,0,male,30.0,C,S,1,,1
300,1,0,female,248.0,B,C,4,50.0,2
301,3,0,female,8.0,M,Q,3,,1
302,3,2,male,23.0,M,Q,1,,3
303,3,0,male,0.0,M,S,1,19.0,1
304,2,0,female,12.0,E,Q,3,,1
305,3,0,male,8.0,M,S,1,,1
306,1,1,male,152.0,C,S,2,1.0,4
307,1,0,female,111.0,M,C,3,,1
308,1,1,female,109.0,C,C,4,17.0,2
309,2,1,male,24.0,M,C,1,30.0,2
310,1,0,female,57.0,E,C,3,30.0,1
311,1,0,female,83.0,C,C,3,24.0,1
312,1,2,female,262.0,B,C,3,18.0,5
313,2,1,female,26.0,M,S,4,26.0,3
314,3,0,male,8.0,M,S,1,28.0,1
315,2,1,male,26.0,M,S,1,43.0,3
316,3,0,female,8.0,M,S,3,26.0,1
317,2,1,female,26.0,M,S,4,24.0,2
318,2,0,male,14.0,M,S,6,54.0,1
319,1,0,female,165.0,C,S,3,31.0,3
320,1,1,female,134.0,E,C,4,40.0,3
321,3,0,male,7.0,M,S,1,22.0,1
322,3,0,male,8.0,M,S,1,27.0,1
323,2,0,female,12.0,M,Q,3,30.0,1
324,2,1,female,29.0,M,S,4,22.0,3
325,3,8,male,70.0,M,S,1,,11
326,1,0,female,136.0,C,C,3,36.0,1
327,3,0,male,6.0,M,S,1,61.0,1
328,2,0,female,13.0,D,S,4,36.0,1
329,3,1,female,21.0,M,S,4,31.0,3
330,1,0,female,58.0,B,C,3,16.0,2
331,3,2,female,23.0,M,Q,3,,3
332,1,0,male,28.0,C,S,1,46.0,1
333,1,0,male,153.0,C,S,1,38.0,2
334,3,2,male,18.0,M,S,1,16.0,3
335,1,1,female,134.0,M,S,4,,2
336,3,0,male,8.0,M,S,1,,1
337,1,1,male,67.0,C,S,1,29.0,2
338,1,0,female,134.0,E,C,3,41.0,1
339,3,0,male,8.0,M,S,1,45.0,1
340,1,0,male,36.0,T,S,1,45.0,1
341,2,1,male,26.0,F,S,2,2.0,3
342,1,3,female,263.0,C,S,3,24.0,6
343,2,0,male,13.0,M,S,1,28.0,1
344,2,0,male,13.0,M,S,1,25.0,1
345,2,0,male,13.0,M,S,1,36.0,1
346,2,0,female,13.0,F,S,3,24.0,1
347,2,0,female,13.0,M,S,3,40.0,1
348,3,1,female,16.0,M,S,4,,2
349,3,1,male,16.0,M,S,2,3.0,3
350,3,0,male,9.0,M,S,1,42.0,1
351,3,0,male,9.0,M,S,1,23.0,1
352,1,0,male,35.0,C,S,1,,1
353,3,1,male,7.0,M,C,1,15.0,3
354,3,1,male,18.0,M,S,1,25.0,2
355,3,0,male,7.0,M,C,1,,1
356,3,0,male,10.0,M,S,1,28.0,1
357,1,0,female,55.0,E,S,3,22.0,2
358,2,0,female,13.0,M,S,3,38.0,1
359,3,0,female,8.0,M,Q,3,,1
360,3,0,female,8.0,M,Q,3,,1
361,3,1,male,28.0,M,S,1,40.0,6
362,2,1,male,28.0,M,C,1,29.0,2
363,3,0,female,14.0,M,C,4,45.0,2
364,3,0,male,7.0,M,S,1,35.0,1
365,3,1,male,16.0,M,Q,1,,2
366,3,0,male,7.0,M,S,1,30.0,1
367,1,1,female,75.0,D,C,4,60.0,2
368,3,0,female,7.0,M,C,4,,1
369,3,0,female,8.0,M,Q,3,,1
370,1,0,female,69.0,B,C,4,24.0,1
371,1,1,male,55.0,E,C,1,25.0,2
372,3,1,male,6.0,M,S,1,18.0,2
373,3,0,male,8.0,M,S,1,19.0,1
374,1,0,male,136.0,M,C,1,22.0,1
375,3,3,female,21.0,M,S,3,3.0,5
376,1,1,female,82.0,M,C,4,,2
377,3,0,female,7.0,M,S,3,22.0,1
378,1,0,male,212.0,C,C,1,27.0,3
379,3,0,male,4.0,M,C,1,20.0,1
380,3,0,male,8.0,M,S,1,19.0,1
381,1,0,female,228.0,M,C,3,42.0,1
382,3,0,female,16.0,M,C,3,1.0,3
383,3,0,male,8.0,M,S,1,32.0,1
384,1,1,female,52.0,M,S,4,35.0,2
385,3,0,male,8.0,M,S,1,,1
386,2,0,male,74.0,M,S,1,18.0,1
387,3,5,male,47.0,M,S,2,1.0,8
388,2,0,female,13.0,M,S,3,36.0,1
389,3,0,male,8.0,M,Q,1,,1
390,2,0,female,12.0,M,C,3,17.0,1
391,1,1,male,120.0,B,S,1,36.0,4
392,3,0,male,8.0,M,S,1,21.0,1
393,3,2,male,8.0,M,S,1,28.0,3
394,1,1,female,113.0,D,C,3,23.0,2
395,3,0,female,17.0,G,S,4,24.0,3
396,3,0,male,8.0,M,S,1,22.0,1
397,3,0,female,8.0,M,S,3,31.0,1
398,2,0,male,26.0,M,S,1,46.0,1
399,2,0,male,10.0,M,S,6,23.0,1
400,2,0,female,13.0,M,S,4,28.0,1
401,3,0,male,8.0,M,S,1,39.0,1
402,3,0,male,8.0,M,S,1,26.0,1
403,3,1,female,10.0,M,S,3,21.0,2
404,3,1,male,16.0,M,S,1,28.0,2
405,3,0,female,9.0,M,S,3,20.0,1
406,2,1,male,21.0,M,S,1,34.0,2
407,3,0,male,8.0,M,S,1,51.0,1
408,2,1,male,19.0,M,S,2,3.0,3
409,3,0,male,8.0,M,S,1,21.0,1
410,3,3,female,25.0,M,S,3,,5
411,3,0,male,8.0,M,S,1,,1
412,3,0,male,7.0,M,Q,1,,1
413,1,1,female,90.0,C,Q,3,33.0,2
414,2,0,male,0.0,M,S,1,,1
415,3,0,male,8.0,M,S,1,44.0,1
416,3,0,female,8.0,M,S,4,,1
417,2,1,female,32.0,M,S,4,34.0,3
418,2,0,female,13.0,M,S,3,18.0,3
419,2,0,male,13.0,M,S,1,30.0,1
420,3,0,female,24.0,M,S,3,10.0,3
421,3,0,male,8.0,M,C,1,,1
422,3,0,male,8.0,M,Q,1,21.0,1
423,3,0,male,8.0,M,S,1,29.0,1
424,3,1,female,14.0,M,S,4,28.0,3
425,3,1,male,20.0,M,S,1,18.0,3
426,3,0,male,7.0,M,S,1,,1
427,2,1,female,26.0,M,S,4,28.0,2
428,2,0,female,26.0,M,S,3,19.0,1
429,3,0,male,8.0,M,Q,1,,1
430,3,0,male,8.0,E,S,1,32.0,1
431,1,0,male,27.0,C,S,1,28.0,1
432,3,1,female,16.0,M,S,4,,2
433,2,1,female,26.0,M,S,4,42.0,2
434,3,0,male,7.0,M,S,1,17.0,1
435,1,1,male,56.0,E,S,1,50.0,2
436,1,1,female,120.0,B,S,3,14.0,4
437,3,2,female,34.0,M,S,3,21.0,5
438,2,2,female,19.0,M,S,4,24.0,6
439,1,1,male,263.0,C,S,1,64.0,6
440,2,0,male,10.0,M,S,1,31.0,1
441,2,1,female,26.0,M,S,4,45.0,3
442,3,0,male,10.0,M,S,1,20.0,1
443,3,1,male,8.0,M,S,1,25.0,2
444,2,0,female,13.0,M,S,1,28.0,1
445,3,0,male,8.0,M,S,1,,1
446,1,0,male,82.0,A,S,2,4.0,3
447,2,0,female,20.0,M,S,3,13.0,2
448,1,0,male,27.0,M,S,1,34.0,1
449,3,2,female,19.0,M,C,3,5.0,4
450,1,0,male,30.0,C,S,6,52.0,1
451,2,1,male,28.0,M,S,1,36.0,4
452,3,1,male,20.0,M,S,1,,2
453,1,0,male,28.0,C,C,1,30.0,1
454,1,1,male,89.0,C,C,1,49.0,2
455,3,0,male,8.0,M,S,1,,1
456,3,0,male,8.0,M,C,1,29.0,1
457,1,0,male,27.0,E,S,1,65.0,1
458,1,1,female,52.0,D,S,4,,2
459,2,0,female,10.0,M,S,3,50.0,1
460,3,0,male,8.0,M,Q,1,,1
461,1,0,male,27.0,E,S,1,48.0,1
462,3,0,male,8.0,M,S,1,34.0,1
463,1,0,male,38.0,E,S,1,47.0,1
464,2,0,male,13.0,M,S,1,48.0,1
465,3,0,male,8.0,M,S,1,,1
466,3,0,male,7.0,M,S,1,38.0,1
467,2,0,male,0.0,M,S,1,,1
468,1,0,male,27.0,M,S,1,56.0,1
469,3,0,male,8.0,M,Q,1,,1
470,3,2,female,19.0,M,C,3,1.0,4
471,3,0,male,7.0,M,S,1,,1
472,3,0,male,9.0,M,S,1,38.0,1
473,2,1,female,28.0,M,S,4,33.0,4
474,2,0,female,14.0,D,C,4,23.0,1
475,3,0,female,10.0,M,S,3,22.0,1
476,1,0,male,52.0,A,S,1,,1
477,2,1,male,21.0,M,S,1,34.0,2
478,3,1,male,7.0,M,S,1,29.0,2
479,3,0,male,8.0,M,S,1,22.0,1
480,3,0,female,12.0,M,S,3,2.0,2
481,3,5,male,47.0,M,S,2,9.0,8
482,2,0,male,0.0,M,S,1,,1
483,3,0,male,8.0,M,S,1,50.0,1
484,3,0,female,10.0,M,S,4,63.0,1
485,1,1,male,91.0,B,C,1,25.0,2
486,3,3,female,25.0,M,S,3,,5
487,1,1,female,90.0,C,S,4,35.0,2
488,1,0,male,30.0,B,C,1,58.0,1
489,3,0,male,8.0,M,S,1,30.0,1
490,3,1,male,16.0,M,S,2,9.0,3
491,3,1,male,20.0,M,S,1,,2
492,3,0,male,7.0,M,S,1,21.0,1
493,1,0,male,30.0,C,S,1,55.0,1
494,1,0,male,50.0,M,C,1,71.0,1
495,3,0,male,8.0,M,S,1,21.0,1
496,3,0,male,14.0,M,C,1,,1
497,1,1,female,78.0,D,C,3,54.0,2
498,3,0,male,15.0,M,S,1,,1
499,1,1,female,152.0,C,S,4,25.0,4
500,3,0,male,8.0,M,S,1,24.0,1
501,3,0,male,9.0,M,S,1,17.0,1
502,3,0,female,8.0,M,Q,3,21.0,1
503,3,0,female,8.0,M,Q,3,,1
504,3,0,female,10.0,M,S,3,37.0,1
505,1,0,female,86.0,B,S,3,16.0,1
506,1,1,male,109.0,C,C,1,18.0,2
507,2,0,female,26.0,M,S,4,33.0,3
508,1,0,male,27.0,M,S,1,,1
509,3,0,male,23.0,M,S,1,28.0,1
510,3,0,male,56.0,M,S,1,26.0,1
511,3,0,male,8.0,M,Q,1,29.0,1
512,3,0,male,8.0,M,S,1,,1
513,1,0,male,26.0,E,S,1,36.0,1
514,1,1,female,59.0,M,C,4,54.0,2
515,3,0,male,7.0,M,S,1,24.0,1
516,1,0,male,34.0,D,S,1,47.0,1
517,2,0,female,10.0,F,S,4,34.0,1
518,3,0,male,24.0,M,Q,1,,1
519,2,1,female,26.0,M,S,4,36.0,2
520,3,0,male,8.0,M,S,1,32.0,1
521,1,0,female,94.0,B,S,3,30.0,1
522,3,0,male,8.0,M,S,1,22.0,1
523,3,0,male,7.0,M,C,1,,1
524,1,0,female,58.0,B,C,4,44.0,2
525,3,0,male,7.0,M,C,1,,1
526,3,0,male,8.0,M,Q,1,40.0,1
527,2,0,female,10.0,M,S,3,50.0,1
528,1,0,male,222.0,C,S,1,,1
529,3,0,male,8.0,M,S,1,39.0,1
530,2,2,male,12.0,M,S,1,23.0,4
531,2,1,female,26.0,M,S,3,2.0,3
532,3,0,male,7.0,M,C,1,,1
533,3,1,male,7.0,M,C,1,17.0,3
534,3,0,female,22.0,M,C,4,,3
535,3,0,female,9.0,M,S,3,30.0,1
536,2,0,female,26.0,M,S,3,7.0,3
537,1,0,male,27.0,B,S,6,45.0,1
538,1,0,female,106.0,M,C,3,30.0,1
539,3,0,male,14.0,M,S,1,,1
540,1,0,female,50.0,B,C,3,22.0,3
541,1,0,female,71.0,B,S,3,36.0,3
542,3,4,female,31.0,M,S,3,9.0,7
543,3,4,female,31.0,M,S,3,11.0,7
544,2,1,male,26.0,M,S,1,32.0,2
545,1,1,male,106.0,C,C,1,50.0,2
546,1,0,male,26.0,M,S,1,64.0,1
547,2,1,female,26.0,M,S,4,19.0,2
548,2,0,male,14.0,M,C,1,,1
549,3,1,male,21.0,M,S,1,33.0,3
550,2,1,male,37.0,M,S,2,8.0,3
551,1,0,male,111.0,C,C,1,17.0,3
552,2,0,male,26.0,M,S,1,27.0,1
553,3,0,male,8.0,M,Q,1,,1
554,3,0,male,7.0,M,C,1,22.0,1
555,3,0,female,8.0,M,S,3,22.0,1
556,1,0,male,27.0,M,S,1,62.0,1
557,1,1,female,40.0,A,C,5,48.0,2
558,1,0,male,228.0,M,C,1,,1
559,1,1,female,80.0,E,S,4,39.0,3
560,3,1,female,17.0,M,S,4,36.0,2
561,3,0,male,8.0,M,Q,1,,1
562,3,0,male,8.0,M,S,1,40.0,1
563,2,0,male,14.0,M,S,1,28.0,1
564,3,0,male,8.0,M,S,1,,1
565,3,0,female,8.0,M,S,3,,1
566,3,2,male,24.0,M,S,1,24.0,3
567,3,0,male,8.0,M,S,1,19.0,1
568,3,0,female,21.0,M,S,4,29.0,5
569,3,0,male,7.0,M,C,1,,1
570,3,0,male,8.0,M,S,1,32.0,1
571,2,0,male,10.0,M,S,1,62.0,1
572,1,2,female,51.0,C,S,4,53.0,3
573,1,0,male,26.0,E,S,1,36.0,1
574,3,0,female,8.0,M,Q,3,,1
575,3,0,male,8.0,M,S,1,16.0,1
576,3,0,male,14.0,M,S,1,19.0,1
577,2,0,female,13.0,M,S,3,34.0,1
578,1,1,female,56.0,E,S,4,39.0,2
579,3,1,female,14.0,M,C,4,,2
580,3,0,male,8.0,M,S,1,32.0,1
581,2,1,female,30.0,M,S,3,25.0,3
582,1,1,female,111.0,C,C,4,39.0,3
583,2,0,male,26.0,M,S,1,54.0,1
584,1,0,male,40.0,A,C,1,36.0,1
585,3,0,male,9.0,M,C,1,,1
586,1,0,female,80.0,E,S,3,18.0,3
587,2,0,male,15.0,M,S,1,47.0,1
588,1,1,male,79.0,B,C,1,60.0,3
589,3,0,male,8.0,M,S,1,22.0,1
590,3,0,male,8.0,M,S,1,,1
591,3,0,male,7.0,M,S,1,35.0,1
592,1,1,female,78.0,D,C,4,52.0,2
593,3,0,male,7.0,M,S,1,47.0,1
594,3,0,female,8.0,M,Q,3,,3
595,2,1,male,26.0,M,S,1,37.0,2
596,3,1,male,24.0,M,S,1,36.0,3
597,2,0,female,33.0,M,S,3,,1
598,3,0,male,0.0,M,S,1,49.0,1
599,3,0,male,7.0,M,C,1,,1
600,1,1,male,57.0,A,C,5,49.0,2
601,2,2,female,27.0,M,S,4,24.0,4
602,3,0,male,8.0,M,S,1,,1
603,1,0,male,42.0,M,S,1,,1
604,3,0,male,8.0,M,S,1,44.0,1
605,1,0,male,27.0,M,C,1,35.0,1
606,3,1,male,16.0,M,S,1,36.0,2
607,3,0,male,8.0,M,S,1,30.0,1
608,1,0,male,30.0,M,S,1,27.0,1
609,2,1,female,42.0,M,C,4,22.0,4
610,1,0,female,153.0,C,S,3,40.0,1
611,3,1,female,31.0,M,S,4,39.0,7
612,3,0,male,7.0,M,S,1,,1
613,3,1,female,16.0,M,Q,3,,2
614,3,0,male,8.0,M,Q,1,,1
615,3,0,male,8.0,M,S,1,35.0,1
616,2,1,female,65.0,M,S,3,24.0,4
617,3,1,male,14.0,M,S,1,34.0,3
618,3,1,female,16.0,M,S,4,26.0,2
619,2,2,female,39.0,F,S,3,4.0,4
620,2,0,male,10.0,M,S,1,26.0,1
621,3,1,male,14.0,M,C,1,27.0,2
622,1,1,male,53.0,D,S,1,42.0,2
623,3,1,male,16.0,M,C,1,20.0,3
624,3,0,male,8.0,M,S,1,21.0,1
625,3,0,male,16.0,M,S,1,21.0,1
626,1,0,male,32.0,D,S,1,61.0,1
627,2,0,male,12.0,M,Q,6,57.0,1
628,1,0,female,78.0,D,S,3,21.0,1
629,3,0,male,8.0,M,S,1,26.0,1
630,3,0,male,8.0,M,Q,1,,1
631,1,0,male,30.0,A,S,1,80.0,1
632,3,0,male,7.0,M,S,1,51.0,1
633,1,0,male,30.0,B,C,6,32.0,1
634,1,0,male,0.0,M,S,1,,1
635,3,3,female,28.0,M,S,3,9.0,6
636,2,0,female,13.0,M,S,3,28.0,1
637,3,0,male,8.0,M,S,1,32.0,1
638,2,1,male,26.0,M,S,1,31.0,3
639,3,0,female,40.0,M,S,4,41.0,6
640,3,1,male,16.0,M,S,1,,2
641,3,0,male,8.0,M,S,1,20.0,1
642,1,0,female,69.0,B,C,3,24.0,1
643,3,3,female,28.0,M,S,3,2.0,6
644,3,0,male,56.0,M,S,1,,1
645,3,2,female,19.0,M,C,3,1.0,4
646,1,1,male,77.0,D,C,1,48.0,2
647,3,0,male,8.0,M,S,1,19.0,1
648,1,0,male,36.0,A,C,6,56.0,1
649,3,0,male,8.0,M,S,1,,1
650,3,0,female,8.0,M,S,3,23.0,1
651,3,0,male,8.0,M,S,1,,1
652,2,0,female,23.0,M,S,3,18.0,2
653,3,0,male,8.0,M,S,1,21.0,1
654,3,0,female,8.0,M,Q,3,,1
655,3,0,female,7.0,M,Q,3,18.0,1
656,2,2,male,74.0,M,S,1,24.0,3
657,3,0,male,8.0,M,S,1,,1
658,3,1,female,16.0,M,Q,4,32.0,3
659,2,0,male,13.0,M,S,1,23.0,1
660,1,0,male,113.0,D,C,1,58.0,3
661,1,2,male,134.0,M,S,6,50.0,3
662,3,0,male,7.0,M,C,1,40.0,1
663,1,0,male,26.0,E,S,1,47.0,1
664,3,0,male,7.0,M,S,1,36.0,1
665,3,1,male,8.0,M,S,1,20.0,2
666,2,2,male,74.0,M,S,1,32.0,3
667,2,0,male,13.0,M,S,1,25.0,1
668,3,0,male,8.0,M,S,1,,1
669,3,0,male,8.0,M,S,1,43.0,1
670,1,1,female,52.0,C,S,4,,2
671,2,1,female,39.0,M,S,4,40.0,3
672,1,1,male,52.0,B,S,1,31.0,2
673,2,0,male,10.0,M,S,1,70.0,1
674,2,0,male,13.0,M,S,1,31.0,1
675,2,0,male,0.0,M,S,1,,1
676,3,0,male,8.0,M,S,1,18.0,1
677,3,0,male,8.0,M,S,1,24.0,1
678,3,0,female,10.0,M,S,3,18.0,1
679,3,1,female,47.0,M,S,4,43.0,8
680,1,0,male,512.0,B,C,1,36.0,2
681,3,0,female,8.0,M,Q,3,,1
682,1,0,male,77.0,D,C,1,27.0,1
683,3,0,male,9.0,M,S,1,20.0,1
684,3,5,male,47.0,M,S,1,14.0,8
685,2,1,male,39.0,M,S,1,60.0,3
686,2,1,male,42.0,M,C,1,25.0,4
687,3,4,male,40.0,M,S,1,14.0,6
688,3,0,male,10.0,M,S,1,19.0,1
689,3,0,male,8.0,M,S,1,18.0,1
690,1,0,female,211.0,B,S,3,15.0,2
691,1,1,male,57.0,B,S,1,31.0,2
692,3,0,female,13.0,M,C,3,4.0,2
693,3,0,male,56.0,M,S,1,,1
694,3,0,male,7.0,M,C,1,25.0,1
695,1,0,male,27.0,M,S,6,60.0,1
696,2,0,male,14.0,M,S,1,52.0,1
697,3,0,male,8.0,M,S,1,44.0,1
698,3,0,female,8.0,M,Q,3,,1
699,1,1,male,111.0,C,C,1,49.0,3
700,3,0,male,8.0,F,S,1,42.0,1
701,1,1,female,228.0,C,C,4,18.0,2
702,1,0,male,26.0,E,S,1,35.0,1
703,3,0,female,14.0,M,C,3,18.0,2
704,3,0,male,8.0,M,Q,1,25.0,1
705,3,1,male,8.0,M,S,1,26.0,2
706,2,0,male,26.0,M,S,1,39.0,1
707,2,0,female,14.0,M,S,4,45.0,1
708,1,0,male,26.0,E,S,1,42.0,1
709,1,0,female,152.0,M,S,3,22.0,1
710,3,1,male,15.0,M,C,2,,3
711,1,0,female,50.0,C,C,3,24.0,1
712,1,0,male,27.0,C,S,1,,1
713,1,1,male,52.0,C,S,1,48.0,2
714,3,0,male,9.0,M,S,1,29.0,1
715,2,0,male,13.0,M,S,1,52.0,1
716,3,0,male,8.0,F,S,1,19.0,1
717,1,0,female,228.0,C,C,3,38.0,1
718,2,0,female,10.0,E,S,3,27.0,1
719,3,0,male,16.0,M,Q,1,,1
720,3,0,male,8.0,M,S,1,33.0,1
721,2,0,female,33.0,M,S,3,6.0,2
722,3,1,male,7.0,M,S,1,17.0,2
723,2,0,male,13.0,M,S,1,34.0,1
724,2,0,male,13.0,M,S,1,50.0,1
725,1,1,male,53.0,E,S,1,27.0,2
726,3,0,male,9.0,M,S,1,20.0,1
727,2,3,female,21.0,M,S,4,30.0,4
728,3,0,female,8.0,M,Q,3,,1
729,2,1,male,26.0,M,S,1,25.0,2
730,3,1,female,8.0,M,S,3,25.0,2
731,1,0,female,211.0,B,S,3,29.0,1
732,3,0,male,19.0,M,C,1,11.0,1
733,2,0,male,0.0,M,S,1,,1
734,2,0,male,13.0,M,S,1,23.0,1
735,2,0,male,13.0,M,S,1,23.0,1
736,3,0,male,16.0,M,S,1,28.0,1
737,3,1,female,34.0,M,S,4,48.0,5
738,1,0,male,512.0,B,C,1,35.0,1
739,3,0,male,8.0,M,S,1,,1
740,3,0,male,8.0,M,S,1,,1
741,1,0,male,30.0,D,S,1,,1
742,1,1,male,79.0,C,S,1,36.0,2
743,1,2,female,262.0,B,C,3,21.0,5
744,3,1,male,16.0,M,S,1,24.0,2
745,3,0,male,8.0,M,S,1,31.0,1
746,1,1,male,71.0,B,S,6,70.0,3
747,3,1,male,20.0,M,S,1,16.0,3
748,2,0,female,13.0,M,S,3,30.0,1
749,1,1,male,53.0,D,S,1,19.0,2
750,3,0,male,8.0,M,Q,1,31.0,1
751,2,1,female,23.0,M,S,3,4.0,3
752,3,0,male,12.0,E,S,2,6.0,2
753,3,0,male,10.0,M,S,1,33.0,1
754,3,0,male,8.0,M,S,1,23.0,1
755,2,1,female,65.0,M,S,4,48.0,4
756,2,1,male,14.0,M,S,2,1.0,3
757,3,0,male,8.0,M,S,1,28.0,1
758,2,0,male,12.0,M,S,1,18.0,1
759,3,0,male,8.0,M,S,1,34.0,1
760,1,0,female,86.0,B,S,5,33.0,1
761,3,0,male,14.0,M,S,1,,1
762,3,0,male,7.0,M,S,1,41.0,1
763,3,0,male,7.0,M,C,1,20.0,1
764,1,1,female,120.0,B,S,4,36.0,4
765,3,0,male,8.0,M,S,1,16.0,1
766,1,1,female,78.0,D,S,4,51.0,2
767,1,0,male,40.0,M,C,6,,1
768,3,0,female,8.0,M,Q,3,30.0,1
769,3,1,male,24.0,M,Q,1,,2
770,3,0,male,8.0,M,S,1,32.0,1
771,3,0,male,10.0,M,S,1,24.0,1
772,3,0,male,8.0,M,S,1,48.0,1
773,2,0,female,10.0,E,S,4,57.0,1
774,3,0,male,7.0,M,C,1,,1
775,2,1,female,23.0,M,S,4,54.0,5
776,3,0,male,8.0,M,S,1,18.0,1
777,3,0,male,8.0,F,Q,1,,1
778,3,0,female,12.0,M,S,3,5.0,1
779,3,0,male,8.0,M,Q,1,,1
780,1,0,female,211.0,B,S,4,43.0,2
781,3,0,female,7.0,M,C,3,13.0,1
782,1,1,female,57.0,B,S,4,17.0,2
783,1,0,male,30.0,D,S,1,29.0,1
784,3,1,male,23.0,M,S,1,,4
785,3,0,male,7.0,M,S,1,25.0,1
786,3,0,male,7.0,M,S,1,25.0,1
787,3,0,female,7.0,M,S,3,18.0,1
788,3,4,male,29.0,M,Q,2,8.0,6
789,3,1,male,21.0,M,S,2,1.0,4
790,1,0,male,79.0,B,C,1,46.0,1
791,3,0,male,8.0,M,Q,1,,1
792,2,0,male,26.0,M,S,1,16.0,1
793,3,8,female,70.0,M,S,3,,11
794,1,0,male,31.0,M,C,1,,1
795,3,0,male,8.0,M,S,1,25.0,1
796,2,0,male,13.0,M,S,1,39.0,1
797,1,0,female,26.0,D,S,6,49.0,1
798,3,0,female,9.0,M,S,4,31.0,1
799,3,0,male,7.0,M,C,1,30.0,1
800,3,1,female,24.0,M,S,4,30.0,3
801,2,0,male,13.0,M,S,1,34.0,1
802,2,1,female,26.0,M,S,4,31.0,3
803,1,1,male,120.0,B,S,2,11.0,4
804,3,0,male,9.0,M,C,2,0.0,2
805,3,0,male,7.0,M,S,1,27.0,1
806,3,0,male,8.0,M,S,1,31.0,1
807,1,0,male,0.0,A,S,1,39.0,1
808,3,0,female,8.0,M,S,3,18.0,1
809,2,0,male,13.0,M,S,1,39.0,1
810,1,1,female,53.0,E,S,4,33.0,2
811,3,0,male,8.0,M,S,1,26.0,1
812,3,0,male,24.0,M,S,1,39.0,1
813,2,0,male,10.0,M,S,1,35.0,1
814,3,4,female,31.0,M,S,3,6.0,7
815,3,0,male,8.0,M,S,1,30.0,1
816,1,0,male,0.0,B,S,1,,1
817,3,0,female,8.0,M,S,3,23.0,1
818,2,1,male,37.0,M,C,1,31.0,3
819,3,0,male,6.0,M,S,1,43.0,1
820,3,3,male,28.0,M,S,2,10.0,6
821,1,1,female,94.0,B,S,4,52.0,3
822,3,0,male,9.0,M,S,1,27.0,1
823,1,0,male,0.0,M,S,5,38.0,1
824,3,0,female,12.0,E,S,4,27.0,2
825,3,4,male,40.0,M,S,2,2.0,6
826,3,0,male,7.0,M,Q,1,,1
827,3,0,male,56.0,M,S,1,,1
828,2,0,male,37.0,M,C,2,1.0,3
829,3,0,male,8.0,M,Q,1,,1
830,1,0,female,80.0,B,S,4,62.0,1
831,3,1,female,14.0,M,C,4,15.0,2
832,2,1,male,19.0,M,S,2,1.0,3
833,3,0,male,7.0,M,C,1,,1
834,3,0,male,8.0,M,S,1,23.0,1
835,3,0,male,8.0,M,S,1,18.0,1
836,1,1,female,83.0,E,C,3,39.0,3
837,3,0,male,9.0,M,S,1,21.0,1
838,3,0,male,8.0,M,S,1,,1
839,3,0,male,56.0,M,S,1,32.0,1
840,1,0,male,30.0,C,C,1,,1
841,3,0,male,8.0,M,S,1,20.0,1
842,2,0,male,10.0,M,S,1,16.0,1
843,1,0,female,31.0,M,C,3,30.0,1
844,3,0,male,6.0,M,C,1,34.0,1
845,3,0,male,9.0,M,S,1,17.0,1
846,3,0,male,8.0,M,S,1,42.0,1
847,3,8,male,70.0,M,S,1,,11
848,3,0,male,8.0,M,C,1,35.0,1
849,2,0,male,33.0,M,S,6,28.0,2
850,1,1,female,89.0,C,C,4,,2
851,3,4,male,31.0,M,S,2,4.0,7
852,3,0,male,8.0,M,S,1,74.0,1
853,3,1,female,15.0,M,C,3,9.0,3
854,1,0,female,39.0,D,S,3,16.0,2
855,2,1,female,26.0,M,S,4,44.0,2
856,3,0,female,9.0,M,S,4,18.0,2
857,1,1,female,165.0,M,S,4,45.0,3
858,1,0,male,27.0,E,S,1,51.0,1
859,3,0,female,19.0,M,C,4,24.0,4
860,3,0,male,7.0,M,C,1,,1
861,3,2,male,14.0,M,S,1,41.0,3
862,2,1,male,12.0,M,S,1,21.0,2
863,1,0,female,26.0,D,S,4,48.0,1
864,3,8,female,70.0,M,S,3,,11
865,2,0,male,13.0,M,S,1,24.0,1
866,2,0,female,13.0,M,S,4,42.0,1
867,2,1,female,14.0,M,C,3,27.0,2
868,1,0,male,50.0,A,S,1,31.0,1
869,3,0,male,10.0,M,S,1,,1
870,3,1,male,11.0,M,S,2,4.0,3
871,3,0,male,8.0,M,S,1,26.0,1
872,1,1,female,53.0,D,S,4,47.0,3
873,1,0,male,5.0,B,S,1,33.0,1
874,3,0,male,9.0,M,S,1,47.0,1
875,2,1,female,24.0,M,C,4,28.0,2
876,3,0,female,7.0,M,C,3,15.0,1
877,3,0,male,10.0,M,S,1,20.0,1
878,3,0,male,8.0,M,S,1,19.0,1
879,3,0,male,8.0,M,S,1,,1
880,1,0,female,83.0,C,C,4,56.0,2
881,2,0,female,26.0,M,S,4,25.0,2
882,3,0,male,8.0,M,S,1,33.0,1
883,3,0,female,11.0,M,S,3,22.0,1
884,2,0,male,10.0,M,S,1,28.0,1
885,3,0,male,7.0,M,S,1,25.0,1
886,3,0,female,29.0,M,Q,4,39.0,6
887,2,0,male,13.0,M,S,6,27.0,1
888,1,0,female,30.0,B,S,3,19.0,1
889,3,1,female,23.0,M,S,3,,4
890,1,0,male,30.0,C,C,1,26.0,1
891,3,0,male,8.0,M,Q,1,32.0,1
892,3,0,male,8.0,M,Q,1,34.0,1
893,3,1,female,7.0,M,S,4,47.0,2
894,2,0,male,10.0,M,Q,1,62.0,1
895,3,0,male,9.0,M,S,1,27.0,1
896,3,1,female,12.0,M,S,4,22.0,3
897,3,0,male,9.0,M,S,1,14.0,1
898,3,0,female,8.0,M,Q,3,30.0,1
899,2,1,male,29.0,M,S,1,26.0,3
900,3,0,female,7.0,M,C,4,18.0,1
901,3,2,male,24.0,M,S,1,21.0,3
902,3,0,male,8.0,M,S,1,,1
903,1,0,male,26.0,M,S,1,46.0,1
904,1,1,female,82.0,B,S,4,23.0,2
905,2,1,male,26.0,M,S,1,63.0,2
906,1,1,female,61.0,E,S,4,47.0,2
907,2,1,female,28.0,M,C,4,24.0,2
908,2,0,male,12.0,M,Q,1,35.0,1
909,3,0,male,7.0,M,C,1,21.0,1
910,3,1,female,8.0,M,S,3,27.0,2
911,3,0,female,7.0,M,C,4,45.0,1
912,1,1,male,59.0,M,C,1,55.0,2
913,3,0,male,3.0,M,S,2,9.0,2
914,1,0,female,32.0,M,S,4,,1
915,1,0,male,61.0,M,C,1,21.0,2
916,1,1,female,262.0,B,C,4,48.0,5
917,3,1,male,14.0,M,S,1,50.0,2
918,1,0,female,62.0,B,C,3,22.0,2
919,3,0,male,7.0,M,C,1,22.0,1
920,1,0,male,30.0,A,S,1,41.0,1
921,3,2,male,22.0,M,C,1,,3
922,2,1,male,26.0,M,S,1,50.0,2
923,2,2,male,32.0,M,S,1,24.0,3
924,3,1,female,21.0,M,S,4,33.0,4
925,3,1,female,23.0,M,S,4,,4
926,1,1,male,58.0,C,C,1,30.0,2
927,3,0,male,7.0,M,C,1,18.0,1
928,3,0,female,8.0,M,S,3,,1
929,3,0,female,9.0,M,S,3,21.0,1
930,3,0,male,10.0,M,S,1,25.0,1
931,3,0,male,56.0,M,S,1,,1
932,3,0,male,13.0,M,C,1,39.0,2
933,1,0,male,27.0,D,S,1,,1
934,3,0,male,8.0,M,S,1,41.0,1
935,2,0,female,13.0,M,S,4,30.0,1
936,1,1,female,53.0,D,S,4,45.0,2
937,3,0,male,8.0,M,S,1,25.0,1
938,1,0,male,30.0,A,C,1,45.0,1
939,3,0,male,8.0,M,Q,1,,1
940,1,0,female,76.0,D,C,4,60.0,1
941,3,0,female,16.0,M,S,4,36.0,3
942,1,1,male,60.0,C,S,1,24.0,2
943,2,0,male,15.0,M,C,1,27.0,1
944,2,2,female,23.0,M,S,3,20.0,4
945,1,3,female,263.0,C,S,3,28.0,6
946,2,0,male,16.0,M,C,1,,1
947,3,4,male,29.0,M,Q,2,10.0,6
948,3,0,male,8.0,M,S,1,35.0,1
949,3,0,male,8.0,F,S,1,25.0,1
950,3,1,male,16.0,M,S,1,,2
951,1,0,female,262.0,B,C,3,36.0,1
952,3,0,male,8.0,M,S,1,17.0,1
953,2,0,male,14.0,M,S,1,32.0,1
954,3,0,male,8.0,M,S,1,18.0,1
955,3,0,female,8.0,M,Q,3,22.0,1
956,1,2,male,262.0,B,C,2,13.0,5
957,2,0,female,21.0,M,S,4,,1
958,3,0,female,8.0,M,Q,3,18.0,1
959,1,0,male,42.0,M,S,1,47.0,1
960,1,0,male,29.0,C,C,1,31.0,1
961,1,1,female,263.0,C,S,4,60.0,6
962,3,0,female,8.0,M,Q,3,24.0,1
963,3,0,male,8.0,M,S,1,21.0,1
964,3,0,female,8.0,M,S,3,29.0,1
965,1,0,male,28.0,D,C,1,28.0,1
966,1,0,female,212.0,C,C,3,35.0,1
967,1,0,male,212.0,C,C,1,32.0,1
968,3,0,male,8.0,M,S,1,,1
969,1,2,female,26.0,C,S,4,55.0,3
970,2,0,male,13.0,M,S,1,30.0,1
971,3,0,female,8.0,M,Q,3,24.0,1
972,3,1,male,15.0,M,C,2,6.0,3
973,1,1,male,222.0,C,S,1,67.0,2
974,1,0,male,26.0,M,S,1,49.0,1
975,3,0,male,8.0,M,S,1,,1
976,2,0,male,11.0,M,Q,1,,1
977,3,1,male,14.0,M,C,1,,2
978,3,0,female,8.0,M,Q,3,27.0,1
979,3,0,female,8.0,M,S,3,18.0,1
980,3,0,female,8.0,M,Q,1,,1
981,2,1,male,23.0,M,S,2,2.0,3
982,3,1,female,14.0,M,S,4,22.0,2
983,3,0,male,8.0,M,S,1,,1
984,1,1,female,52.0,B,S,4,27.0,4
985,3,0,male,8.0,M,S,1,,1
986,1,0,male,26.0,M,C,1,25.0,1
987,3,0,male,8.0,M,S,1,25.0,1
988,1,1,female,79.0,C,S,4,76.0,2
989,3,0,male,8.0,M,S,1,29.0,1
990,3,0,female,8.0,M,S,3,20.0,1
991,3,0,male,8.0,M,S,1,33.0,1
992,1,1,female,55.0,C,C,4,43.0,2
993,2,1,male,26.0,M,S,1,27.0,2
994,3,0,male,8.0,M,Q,1,,1
995,3,0,male,8.0,M,S,1,26.0,1
996,3,1,female,9.0,M,C,4,16.0,3
997,3,0,male,23.0,M,S,1,28.0,1
998,3,0,male,8.0,M,Q,1,21.0,1
999,3,0,male,8.0,M,Q,1,,1
1000,3,0,male,9.0,M,S,1,,1
1001,2,0,male,13.0,F,S,1,18.0,1
1002,2,0,male,15.0,M,C,1,41.0,1
1003,3,0,female,8.0,M,Q,3,,1
1004,1,0,female,32.0,A,C,3,36.0,1
1005,3,0,female,7.0,M,Q,3,18.0,1
1006,1,1,female,222.0,C,S,4,63.0,2
1007,3,1,male,14.0,M,C,1,18.0,2
1008,3,0,male,6.0,M,C,1,,1
1009,3,1,female,17.0,G,S,3,1.0,3
1010,1,0,male,75.0,C,C,1,36.0,1
1011,2,1,female,26.0,M,S,4,29.0,2
1012,2,0,female,16.0,M,S,3,12.0,1
1013,3,1,male,8.0,M,Q,1,,2
1014,1,1,female,58.0,C,C,4,35.0,2
1015,3,0,male,7.0,M,S,1,28.0,1
1016,3,0,male,8.0,M,Q,1,,1
1017,3,0,female,16.0,M,S,3,17.0,2
1018,3,0,male,8.0,M,S,1,22.0,1
1019,3,2,female,23.0,M,Q,3,,3
1020,2,0,male,13.0,M,S,1,42.0,1
1021,3,0,male,8.0,M,S,1,24.0,1
1022,3,0,male,8.0,M,S,1,32.0,1
1023,1,0,male,28.0,C,C,6,53.0,1
1024,3,0,female,25.0,M,S,4,,5
1025,3,1,male,6.0,M,C,1,,2
1026,3,0,male,8.0,M,S,1,43.0,1
1027,3,0,male,8.0,M,S,1,24.0,1
1028,3,0,male,7.0,M,C,1,26.0,1
1029,2,0,male,13.0,M,S,1,26.0,1
1030,3,0,female,8.0,M,S,3,23.0,1
1031,3,1,male,47.0,M,S,1,40.0,8
1032,3,5,female,47.0,M,S,3,10.0,8
1033,1,0,female,152.0,M,S,3,33.0,1
1034,1,1,male,262.0,B,C,1,61.0,5
1035,2,0,male,26.0,M,S,1,28.0,1
1036,1,0,male,27.0,M,S,1,42.0,1
1037,3,3,male,18.0,M,S,1,31.0,4
1038,1,0,male,52.0,E,S,1,,1
1039,3,0,male,8.0,M,S,1,22.0,1
1040,1,0,male,27.0,M,S,1,,1
1041,2,1,male,26.0,M,S,6,30.0,3
1042,1,0,female,83.0,C,C,4,23.0,2
1043,3,0,male,8.0,M,C,1,,1
1044,3,0,male,14.0,M,S,1,60.0,1
1045,3,0,female,12.0,M,S,4,36.0,3
1046,3,4,male,31.0,M,S,2,13.0,7
1047,3,0,male,8.0,M,S,1,24.0,1
1048,1,0,female,222.0,C,S,3,29.0,1
1049,3,0,female,8.0,M,S,3,23.0,1
1050,1,0,male,27.0,D,S,1,42.0,1
1051,3,0,female,14.0,M,S,4,26.0,3
1052,3,0,female,8.0,M,Q,3,,1
1053,3,1,male,15.0,M,C,2,7.0,3
1054,2,0,female,14.0,M,S,3,26.0,1
1055,3,0,male,7.0,M,S,1,,1
1056,2,0,male,13.0,M,S,6,41.0,1
1057,3,1,female,22.0,M,S,4,26.0,3
1058,1,0,male,50.0,B,C,1,48.0,1
1059,3,2,male,34.0,M,S,1,18.0,5
1060,1,0,female,28.0,M,C,4,,1
1061,3,0,female,9.0,M,S,3,22.0,1
1062,3,0,male,8.0,M,S,1,,1
1063,3,0,male,7.0,M,C,1,27.0,1
1064,3,1,male,14.0,M,S,1,23.0,2
1065,3,0,male,7.0,M,C,1,,1
1066,3,1,male,31.0,M,S,1,40.0,7
1067,2,0,female,39.0,M,S,3,15.0,3
1068,2,0,female,37.0,M,S,3,20.0,1
1069,1,1,male,55.0,C,C,1,54.0,2
1070,2,0,female,39.0,F,S,4,36.0,4
1071,1,0,female,83.0,E,C,4,64.0,3
1072,2,0,male,13.0,M,S,1,30.0,1
1073,1,1,male,83.0,E,C,1,37.0,3
1074,1,1,female,53.0,D,S,4,18.0,2
1075,3,0,male,8.0,M,Q,1,,1
1076,1,1,female,248.0,B,C,4,27.0,3
1077,2,0,male,16.0,M,S,1,40.0,1
1078,2,0,female,21.0,M,S,3,21.0,2
1079,3,2,male,8.0,M,S,1,17.0,3
1080,3,8,female,70.0,M,S,3,,11
1081,2,0,male,13.0,M,S,1,40.0,1
1082,2,1,male,26.0,M,S,1,34.0,2
1083,1,0,male,26.0,M,S,1,,1
1084,3,1,male,14.0,M,S,2,12.0,3
1085,2,0,male,12.0,M,Q,1,61.0,1
1086,2,0,male,32.0,M,S,2,8.0,3
1087,3,0,male,8.0,M,S,1,33.0,1
1088,1,0,male,134.0,E,C,2,6.0,3
1089,3,0,female,8.0,M,S,3,18.0,1
1090,2,0,male,10.0,M,S,1,23.0,1
1091,3,0,female,8.0,M,S,4,,1
1092,3,0,female,16.0,M,Q,3,,1
1093,3,0,male,14.0,M,S,2,0.0,3
1094,1,1,male,228.0,C,C,6,47.0,2
1095,2,1,female,26.0,M,S,3,8.0,3
1096,2,0,male,10.0,M,S,1,25.0,1
1097,1,0,male,26.0,M,C,1,,1
1098,3,0,female,8.0,M,Q,3,35.0,1
1099,2,0,male,10.0,M,S,1,24.0,1
1100,1,0,female,28.0,A,C,3,33.0,1
1101,3,0,male,8.0,M,S,1,25.0,1
1102,3,0,male,23.0,M,S,1,32.0,1
1103,3,0,male,7.0,M,S,1,,1
1104,2,0,male,74.0,M,S,1,17.0,1
1105,2,1,female,26.0,M,S,4,60.0,2
1106,3,4,female,8.0,M,S,3,38.0,7
1107,1,0,male,42.0,B,S,1,42.0,1
1108,3,0,female,8.0,M,Q,3,,1
1109,1,1,male,165.0,M,S,1,57.0,3
1110,1,1,female,212.0,C,C,4,50.0,3
1111,3,0,male,8.0,M,S,1,,1
1112,2,1,female,14.0,M,C,3,30.0,2
1113,3,0,male,8.0,M,S,1,21.0,1
1114,2,0,female,10.0,F,S,4,22.0,1
1115,3,0,male,8.0,M,S,1,21.0,1
1116,1,0,female,27.0,M,C,4,53.0,1
1117,3,0,female,15.0,M,C,4,,3
1118,3,0,male,8.0,M,S,1,23.0,1
1119,3,0,female,8.0,M,Q,3,,1
1120,3,0,male,15.0,M,S,1,40.0,1
1121,2,0,male,13.0,M,S,1,36.0,1
1122,2,0,male,65.0,M,S,1,14.0,1
1123,1,0,female,27.0,M,S,3,21.0,1
1124,3,1,male,6.0,M,S,1,21.0,2
1125,3,0,male,8.0,M,Q,1,,1
1126,1,1,male,71.0,C,C,1,39.0,2
1127,3,0,male,8.0,M,S,1,20.0,1
1128,1,1,male,75.0,D,C,1,64.0,2
1129,3,0,male,7.0,M,C,1,20.0,1
1130,2,1,female,13.0,M,S,3,18.0,3
1131,1,1,female,106.0,C,C,4,48.0,2
1132,1,0,female,28.0,M,C,4,55.0,1
1133,2,0,female,30.0,M,S,4,45.0,3
1134,1,1,male,134.0,E,C,1,45.0,3
1135,3,0,male,8.0,M,S,1,,1
1136,3,1,male,23.0,M,S,2,,4
1137,1,1,male,52.0,D,S,1,41.0,2
1138,2,0,female,21.0,M,S,4,22.0,1
1139,2,1,male,32.0,M,S,1,42.0,3
1140,2,1,female,26.0,M,S,4,29.0,2
1141,3,1,female,14.0,M,C,4,,2
1142,2,1,female,28.0,M,S,3,1.0,4
1143,3,0,male,8.0,M,S,1,20.0,1
1144,1,1,male,137.0,C,C,1,27.0,2
1145,3,0,male,9.0,M,S,1,24.0,1
1146,3,0,male,10.0,M,S,1,32.0,1
1147,3,0,male,8.0,M,S,1,,1
1148,3,0,male,8.0,M,Q,1,,1
1149,3,0,male,8.0,M,S,1,28.0,1
1150,2,0,female,13.0,M,S,3,19.0,1
1151,3,0,male,8.0,M,S,1,21.0,1
1152,3,1,male,17.0,M,S,1,36.0,2
1153,3,0,male,8.0,M,S,1,21.0,1
1154,2,0,female,23.0,M,S,4,29.0,3
1155,3,1,female,12.0,M,S,3,1.0,3
1156,2,0,male,13.0,M,C,1,30.0,1
1157,3,0,male,8.0,M,S,1,,1
1158,1,0,male,0.0,M,S,1,,1
1159,3,0,male,8.0,M,S,1,,1
1160,3,0,female,8.0,M,S,3,,1
1161,3,0,male,9.0,M,S,1,17.0,1
1162,1,0,male,75.0,C,C,1,46.0,1
1163,3,0,male,8.0,M,Q,1,,1
1164,1,1,female,137.0,C,C,4,26.0,2
1165,3,1,female,16.0,M,Q,3,,2
1166,3,0,male,7.0,M,C,1,,1
1167,2,1,female,26.0,M,S,3,20.0,2
1168,2,0,male,10.0,M,S,1,28.0,1
1169,2,1,male,26.0,M,S,1,40.0,2
1170,2,1,male,21.0,M,S,1,30.0,2
1171,2,0,male,10.0,M,S,1,22.0,1
1172,3,0,female,9.0,M,S,3,23.0,1
1173,3,1,male,14.0,M,S,2,1.0,3
1174,3,0,female,8.0,M,Q,3,,1
1175,3,1,female,15.0,M,C,3,9.0,3
1176,3,1,female,20.0,M,S,3,2.0,3
1177,3,0,male,7.0,M,S,1,36.0,1
1178,3,0,male,7.0,M,S,1,,1
1179,1,1,male,82.0,B,S,1,24.0,2
1180,3,0,male,7.0,F,C,1,,1
1181,3,0,male,8.0,M,S,1,,1
1182,1,0,male,40.0,M,S,1,,1
1183,3,0,female,7.0,M,Q,3,30.0,1
1184,3,0,male,7.0,M,C,1,,1
1185,1,1,male,82.0,A,S,6,53.0,3
1186,3,0,male,10.0,M,S,1,36.0,1
1187,3,0,male,8.0,M,S,1,26.0,1
1188,2,1,female,42.0,M,C,3,1.0,4
1189,3,2,male,22.0,M,C,1,,3
1190,1,0,male,46.0,M,S,1,30.0,1
1191,3,0,male,8.0,M,S,1,29.0,1
1192,3,0,male,8.0,M,S,1,32.0,1
1193,2,0,male,15.0,D,C,1,,1
1194,2,0,male,21.0,M,S,1,43.0,2
1195,3,0,male,9.0,M,S,1,24.0,1
1196,3,0,female,8.0,M,Q,3,,1
1197,1,1,female,27.0,B,S,4,64.0,3
1198,1,1,male,152.0,C,S,1,30.0,4
1199,3,0,male,9.0,M,S,2,1.0,2
1200,1,1,male,94.0,B,S,1,55.0,3
1201,3,1,female,14.0,M,S,4,45.0,2
1202,3,0,male,9.0,M,S,1,18.0,1
1203,3,0,male,7.0,M,C,1,22.0,1
1204,3,0,male,8.0,M,S,1,,1
1205,3,0,female,8.0,M,Q,3,37.0,1
1206,1,0,female,136.0,C,C,4,55.0,1
1207,3,0,female,8.0,M,Q,3,17.0,1
1208,1,1,male,147.0,B,C,1,57.0,2
1209,2,0,male,10.0,M,S,1,19.0,1
1210,3,0,male,8.0,M,S,1,27.0,1
1211,2,2,male,32.0,M,S,1,22.0,3
1212,3,0,male,8.0,M,S,1,26.0,1
1213,3,0,male,7.0,F,C,1,25.0,1
1214,2,0,male,13.0,F,S,1,26.0,1
1215,1,0,male,27.0,M,S,1,33.0,1
1216,1,0,female,211.0,M,S,3,39.0,1
1217,3,0,male,7.0,M,S,1,23.0,1
1218,2,2,female,39.0,F,S,3,12.0,4
1219,1,0,male,79.0,M,C,1,46.0,1
1220,2,1,male,26.0,M,S,1,29.0,2
1221,2,0,male,13.0,M,S,1,21.0,1
1222,2,0,female,37.0,M,S,4,48.0,3
1223,1,0,male,30.0,A,C,1,39.0,1
1224,3,0,male,7.0,M,C,1,,1
1225,3,1,female,16.0,M,C,4,19.0,3
1226,3,0,male,8.0,M,S,1,27.0,1
1227,1,0,male,26.0,C,S,1,30.0,1
1228,2,0,male,13.0,M,S,1,32.0,1
1229,3,0,male,7.0,M,C,1,39.0,3
1230,2,0,male,32.0,M,S,1,25.0,1
1231,3,0,male,7.0,M,C,2,,1
1232,2,0,male,10.0,M,S,1,18.0,1
1233,3,0,male,8.0,M,S,1,32.0,1
1234,3,1,male,70.0,M,S,1,,11
1235,1,0,female,512.0,B,C,4,58.0,2
1236,3,1,male,14.0,M,S,2,,3
1237,3,0,female,8.0,M,S,3,16.0,1
1238,2,0,male,13.0,M,S,1,26.0,1
1239,3,0,female,7.0,M,C,4,38.0,1
1240,2,0,male,14.0,M,S,1,24.0,1
1241,2,0,female,21.0,M,S,3,31.0,1
1242,1,0,female,63.0,D,C,4,45.0,2
1243,2,0,male,10.0,M,S,1,25.0,1
1244,2,0,male,74.0,M,S,1,18.0,1
1245,2,1,male,65.0,M,S,1,49.0,4
1246,3,1,female,21.0,M,S,3,0.0,4
1247,1,0,male,26.0,E,S,1,50.0,1
1248,1,2,female,51.0,C,S,4,59.0,3
1249,3,0,male,8.0,M,S,1,,1
1250,3,0,male,8.0,M,Q,1,,1
1251,3,1,female,16.0,M,S,4,30.0,2
1252,3,8,male,70.0,M,S,2,14.0,11
1253,2,1,female,37.0,M,C,4,24.0,3
1254,2,0,female,21.0,M,S,4,31.0,1
1255,3,0,male,9.0,M,S,1,27.0,1
1256,1,1,female,55.0,E,C,4,25.0,2
1257,3,1,female,70.0,M,S,4,,11
1258,3,1,male,14.0,M,C,1,,2
1259,3,0,female,40.0,M,S,3,22.0,1
1260,1,0,female,59.0,M,C,4,45.0,2
1261,2,0,male,14.0,M,C,1,29.0,1
1262,2,1,male,12.0,M,S,1,21.0,2
1263,1,0,female,134.0,E,C,3,31.0,1
1264,1,0,male,0.0,B,S,1,49.0,1
1265,2,0,male,13.0,M,S,1,44.0,1
1266,1,1,female,82.0,A,S,4,54.0,3
1267,1,0,female,262.0,M,C,3,45.0,1
1268,3,2,female,9.0,M,S,3,22.0,3
1269,2,0,male,12.0,M,S,1,21.0,1
1270,1,0,male,50.0,C,S,1,55.0,1
1271,3,4,male,31.0,M,S,2,5.0,7
1272,3,0,male,8.0,M,Q,1,,1
1273,3,0,male,8.0,M,Q,1,26.0,1
1274,3,0,female,14.0,M,S,4,,1
1275,3,1,female,16.0,M,S,4,19.0,2
1276,2,0,male,13.0,M,S,1,,1
1277,2,1,female,65.0,M,S,3,24.0,4
1278,3,0,male,8.0,M,S,1,24.0,1
1279,2,0,male,13.0,M,S,1,57.0,1
1280,3,0,male,8.0,M,Q,1,21.0,1
1281,3,3,male,21.0,M,S,2,6.0,5
1282,1,0,male,94.0,B,S,1,23.0,1
1283,1,0,female,39.0,D,S,4,51.0,2
1284,3,0,male,20.0,M,S,2,13.0,3
1285,2,0,male,10.0,M,S,1,47.0,1
1286,3,3,male,22.0,M,S,1,29.0,5
1287,1,1,female,60.0,C,S,4,18.0,2
1288,3,0,male,7.0,M,Q,1,24.0,1
1289,1,1,female,79.0,B,C,4,48.0,3
1290,3,0,male,8.0,M,S,1,22.0,1
1291,3,0,male,8.0,M,Q,1,31.0,1
1292,1,0,female,165.0,C,S,3,30.0,1
1293,2,1,male,21.0,M,S,1,38.0,2
1294,1,0,female,59.0,M,C,3,22.0,2
1295,1,0,male,47.0,M,S,1,17.0,1
1296,1,1,male,28.0,D,C,1,43.0,2
1297,2,0,male,14.0,D,C,1,20.0,1
1298,2,1,male,10.0,M,S,1,23.0,2
1299,1,1,male,212.0,C,C,1,50.0,3
1300,3,0,female,8.0,M,Q,3,,1
1301,3,1,female,14.0,M,S,3,3.0,3
1302,3,0,female,8.0,M,Q,3,,1
1303,1,1,female,90.0,C,Q,4,37.0,2
1304,3,0,female,8.0,M,S,3,28.0,1
1305,3,0,male,8.0,M,S,1,,1
1306,1,0,female,109.0,C,C,5,39.0,1
1307,3,0,male,7.0,M,S,1,38.0,1
1308,3,0,male,8.0,M,S,1,,1
1309,3,1,male,22.0,M,C,2,,3
